timestamp,admin_user_id,admin_email,action,target_user_email,details,ip_address
2025-06-24 20:03:00,SYSTEM_FACE_RECOGNITION,system@facerecognition.local,TUTOR_CHECK_OUT,Aarav Shah (ID: 2425166),Tutor checked out - Total hours: 2.8h,FACE_RECOGNITION_SYSTEM
2025-06-24 19:33:00,SYSTEM_FACE_RECOGNITION,system@facerecognition.local,TUTOR_CHECK_OUT,Vivaan Kumar (ID: 7134699),Tutor checked out - Total hours: 2.3h,FACE_RECOGNITION_SYSTEM
2025-06-24 18:18:00,SYSTEM_FACE_RECOGNITION,system@facerecognition.local,TUTOR_CHECK_OUT,Mason Lee (ID: 6664205),Tutor checked out - Total hours: 1.8h,FACE_RECOGNITION_SYSTEM
2025-06-24 17:15:00,SYSTEM_FACE_RECOGNITION,system@facerecognition.local,TUTOR_CHECK_IN,Vivaan Kumar (ID: 7134699),Tutor checked in - Duration: 2.3h,FACE_RECOGNITION_SYSTEM
2025-06-24 17:15:00,SYSTEM_FACE_RECOGNITION,system@facerecognition.local,TUTOR_CHECK_IN,Aarav Shah (ID: 2425166),Tutor checked in - Duration: 2.8h,FACE_RECOGNITION_SYSTEM
2025-06-24 17:15:00,SYSTEM_FACE_RECOGNITION,system@facerecognition.local,TUTOR_CHECK_OUT,Benjamin Lewis (ID: 3534553),Tutor checked out - Total hours: 2.5h,FACE_RECOGNITION_SYSTEM
2025-06-24 16:42:00,SYSTEM_FACE_RECOGNITION,system@facerecognition.local,TUTOR_CHECK_OUT,Avni Desai (ID: 2630571),Tutor checked out - Total hours: 1.7h,FACE_RECOGNITION_SYSTEM
2025-06-24 16:33:00,SYSTEM_FACE_RECOGNITION,system@facerecognition.local,TUTOR_CHECK_OUT,Liam Johnson (ID: 2598056),Tutor checked out - Total hours: 1.8h,FACE_RECOGNITION_SYSTEM
2025-06-24 16:30:00,SYSTEM_FACE_RECOGNITION,system@facerecognition.local,TUTOR_CHECK_IN,Mason Lee (ID: 6664205),Tutor checked in - Duration: 1.8h,FACE_RECOGNITION_SYSTEM
2025-06-24 15:00:00,SYSTEM_FACE_RECOGNITION,system@facerecognition.local,TUTOR_CHECK_IN,Avni Desai (ID: 2630571),Tutor checked in - Duration: 1.7h,FACE_RECOGNITION_SYSTEM
2025-06-24 14:45:00,SYSTEM_FACE_RECOGNITION,system@facerecognition.local,TUTOR_CHECK_IN,Benjamin Lewis (ID: 3534553),Tutor checked in - Duration: 2.5h,FACE_RECOGNITION_SYSTEM
2025-06-24 14:45:00,SYSTEM_FACE_RECOGNITION,system@facerecognition.local,TUTOR_CHECK_IN,Liam Johnson (ID: 2598056),Tutor checked in - Duration: 1.8h,FACE_RECOGNITION_SYSTEM
2025-06-24 14:18:00,SYSTEM_FACE_RECOGNITION,system@facerecognition.local,TUTOR_CHECK_OUT,Saanvi Joshi (ID: 2115580),Tutor checked out - Total hours: 2.3h,FACE_RECOGNITION_SYSTEM
2025-06-24 13:30:00,SYSTEM_FACE_RECOGNITION,system@facerecognition.local,TUTOR_CHECK_OUT,Neha Patel (ID: 2750869),Tutor checked out - Total hours: 2.0h,FACE_RECOGNITION_SYSTEM
2025-06-24 12:36:00,SYSTEM_FACE_RECOGNITION,system@facerecognition.local,TUTOR_CHECK_OUT,Emily Brown (ID: 2701634),Tutor checked out - Total hours: 2.1h,FACE_RECOGNITION_SYSTEM
2025-06-24 12:06:00,SYSTEM_FACE_RECOGNITION,system@facerecognition.local,TUTOR_CHECK_OUT,Anaya Sharma (ID: 6474141),Tutor checked out - Total hours: 2.1h,FACE_RECOGNITION_SYSTEM
2025-06-24 12:00:00,SYSTEM_FACE_RECOGNITION,system@facerecognition.local,TUTOR_CHECK_IN,Saanvi Joshi (ID: 2115580),Tutor checked in - Duration: 2.3h,FACE_RECOGNITION_SYSTEM
2025-06-24 11:30:00,SYSTEM_FACE_RECOGNITION,system@facerecognition.local,TUTOR_CHECK_IN,Neha Patel (ID: 2750869),Tutor checked in - Duration: 2.0h,FACE_RECOGNITION_SYSTEM
2025-06-24 10:30:00,SYSTEM_FACE_RECOGNITION,system@facerecognition.local,TUTOR_CHECK_IN,Emily Brown (ID: 2701634),Tutor checked in - Duration: 2.1h,FACE_RECOGNITION_SYSTEM
2025-06-24 10:00:00,SYSTEM_FACE_RECOGNITION,system@facerecognition.local,TUTOR_CHECK_IN,Anaya Sharma (ID: 6474141),Tutor checked in - Duration: 2.1h,FACE_RECOGNITION_SYSTEM
2025-06-24 09:51:00,SYSTEM_FACE_RECOGNITION,system@facerecognition.local,TUTOR_CHECK_OUT,Meera Nair (ID: 6362733),Tutor checked out - Total hours: 1.6h,FACE_RECOGNITION_SYSTEM
2025-06-24 08:15:00,SYSTEM_FACE_RECOGNITION,system@facerecognition.local,TUTOR_CHECK_IN,Meera Nair (ID: 6362733),Tutor checked in - Duration: 1.6h,FACE_RECOGNITION_SYSTEM
2025-06-23 20:06:30,SYSTEM_FACE_RECOGNITION,system@facerecognition.local,TUTOR_CHECK_OUT,Emily Brown (ID: 2701634),Tutor checked out - Total hours: 2.5h,FACE_RECOGNITION_SYSTEM
2025-06-23 17:36:30,SYSTEM_FACE_RECOGNITION,system@facerecognition.local,TUTOR_CHECK_IN,Emily Brown (ID: 2701634),Tutor checked in - Duration: 2.5h,FACE_RECOGNITION_SYSTEM
2025-06-23 16:45:00,SYSTEM_FACE_RECOGNITION,system@facerecognition.local,TUTOR_CHECK_OUT,Ryan Scott (ID: 7644166),Tutor checked out - Total hours: 2.5h,FACE_RECOGNITION_SYSTEM
2025-06-23 14:15:00,SYSTEM_FACE_RECOGNITION,system@facerecognition.local,TUTOR_CHECK_IN,Ryan Scott (ID: 7644166),Tutor checked in - Duration: 2.5h,FACE_RECOGNITION_SYSTEM
2025-06-23 12:45:00,SYSTEM_FACE_RECOGNITION,system@facerecognition.local,TUTOR_CHECK_OUT,James Martin (ID: 2192067),Tutor checked out - Total hours: 2.5h,FACE_RECOGNITION_SYSTEM
2025-06-23 10:15:00,SYSTEM_FACE_RECOGNITION,system@facerecognition.local,TUTOR_CHECK_IN,James Martin (ID: 2192067),Tutor checked in - Duration: 2.5h,FACE_RECOGNITION_SYSTEM
2025-06-20 11:45:00,SYSTEM_FACE_RECOGNITION,system@facerecognition.local,TUTOR_CHECK_OUT,Noah Wilson (ID: 4146623),Tutor checked out - Total hours: 3.0h,FACE_RECOGNITION_SYSTEM
2025-06-20 08:45:00,SYSTEM_FACE_RECOGNITION,system@facerecognition.local,TUTOR_CHECK_IN,Noah Wilson (ID: 4146623),Tutor checked in - Duration: 3.0h,FACE_RECOGNITION_SYSTEM
2025-06-19 18:00:00,SYSTEM_FACE_RECOGNITION,system@facerecognition.local,TUTOR_CHECK_OUT,Isha Reddy (ID: 7264805),Tutor checked out - Total hours: 2.0h,FACE_RECOGNITION_SYSTEM
2025-06-19 16:00:00,SYSTEM_FACE_RECOGNITION,system@facerecognition.local,TUTOR_CHECK_IN,Isha Reddy (ID: 7264805),Tutor checked in - Duration: 2.0h,FACE_RECOGNITION_SYSTEM
2025-06-19 12:30:00,SYSTEM_FACE_RECOGNITION,system@facerecognition.local,TUTOR_CHECK_OUT,James Martin (ID: 2192067),Tutor checked out - Total hours: 2.0h,FACE_RECOGNITION_SYSTEM
2025-06-19 10:30:00,SYSTEM_FACE_RECOGNITION,system@facerecognition.local,TUTOR_CHECK_IN,James Martin (ID: 2192067),Tutor checked in - Duration: 2.0h,FACE_RECOGNITION_SYSTEM
2025-06-17 15:15:00,SYSTEM_FACE_RECOGNITION,system@facerecognition.local,TUTOR_CHECK_OUT,Anaya Sharma (ID: 6474141),Tutor checked out - Total hours: 3.0h,FACE_RECOGNITION_SYSTEM
2025-06-17 14:30:00,SYSTEM_FACE_RECOGNITION,system@facerecognition.local,TUTOR_CHECK_OUT,Isha Reddy (ID: 7264805),Tutor checked out - Total hours: 2.5h,FACE_RECOGNITION_SYSTEM
2025-06-17 12:15:00,SYSTEM_FACE_RECOGNITION,system@facerecognition.local,TUTOR_CHECK_IN,Anaya Sharma (ID: 6474141),Tutor checked in - Duration: 3.0h,FACE_RECOGNITION_SYSTEM
2025-06-17 12:15:00,SYSTEM_FACE_RECOGNITION,system@facerecognition.local,TUTOR_CHECK_OUT,Benjamin Lewis (ID: 3534553),Tutor checked out - Total hours: 2.5h,FACE_RECOGNITION_SYSTEM
2025-06-17 12:00:00,SYSTEM_FACE_RECOGNITION,system@facerecognition.local,TUTOR_CHECK_IN,Isha Reddy (ID: 7264805),Tutor checked in - Duration: 2.5h,FACE_RECOGNITION_SYSTEM
2025-06-17 09:45:00,SYSTEM_FACE_RECOGNITION,system@facerecognition.local,TUTOR_CHECK_IN,Benjamin Lewis (ID: 3534553),Tutor checked in - Duration: 2.5h,FACE_RECOGNITION_SYSTEM
2025-06-15 12:45:00,SYSTEM_FACE_RECOGNITION,system@facerecognition.local,TUTOR_CHECK_OUT,Meera Nair (ID: 6362733),Tutor checked out - Total hours: 2.0h,FACE_RECOGNITION_SYSTEM
2025-06-15 10:45:00,SYSTEM_FACE_RECOGNITION,system@facerecognition.local,TUTOR_CHECK_IN,Meera Nair (ID: 6362733),Tutor checked in - Duration: 2.0h,FACE_RECOGNITION_SYSTEM
2025-06-14 17:15:00,SYSTEM_FACE_RECOGNITION,system@facerecognition.local,TUTOR_CHECK_OUT,Isabella Davis (ID: 6403246),Tutor checked out - Total hours: 3.0h,FACE_RECOGNITION_SYSTEM
2025-06-14 14:15:00,SYSTEM_FACE_RECOGNITION,system@facerecognition.local,TUTOR_CHECK_IN,Isabella Davis (ID: 6403246),Tutor checked in - Duration: 3.0h,FACE_RECOGNITION_SYSTEM
2025-06-14 12:15:00,SYSTEM_FACE_RECOGNITION,system@facerecognition.local,TUTOR_CHECK_OUT,Lucas Moore (ID: 6887917),Tutor checked out - Total hours: 2.0h,FACE_RECOGNITION_SYSTEM
2025-06-14 10:15:00,SYSTEM_FACE_RECOGNITION,system@facerecognition.local,TUTOR_CHECK_IN,Lucas Moore (ID: 6887917),Tutor checked in - Duration: 2.0h,FACE_RECOGNITION_SYSTEM
2025-06-13 13:00:00,SYSTEM_FACE_RECOGNITION,system@facerecognition.local,TUTOR_CHECK_OUT,Benjamin Lewis (ID: 3534553),Tutor checked out - Total hours: 1.5h,FACE_RECOGNITION_SYSTEM
2025-06-13 11:30:00,SYSTEM_FACE_RECOGNITION,system@facerecognition.local,TUTOR_CHECK_IN,Benjamin Lewis (ID: 3534553),Tutor checked in - Duration: 1.5h,FACE_RECOGNITION_SYSTEM
2025-06-13 11:30:00,SYSTEM_FACE_RECOGNITION,system@facerecognition.local,TUTOR_CHECK_OUT,Mason Lee (ID: 6664205),Tutor checked out - Total hours: 2.0h,FACE_RECOGNITION_SYSTEM
2025-06-13 10:00:00,SYSTEM_FACE_RECOGNITION,system@facerecognition.local,TUTOR_CHECK_OUT,Meera Nair (ID: 6362733),Tutor checked out - Total hours: 2.0h,FACE_RECOGNITION_SYSTEM
2025-06-13 09:30:00,SYSTEM_FACE_RECOGNITION,system@facerecognition.local,TUTOR_CHECK_IN,Mason Lee (ID: 6664205),Tutor checked in - Duration: 2.0h,FACE_RECOGNITION_SYSTEM
2025-06-13 08:00:00,SYSTEM_FACE_RECOGNITION,system@facerecognition.local,TUTOR_CHECK_IN,Meera Nair (ID: 6362733),Tutor checked in - Duration: 2.0h,FACE_RECOGNITION_SYSTEM
2025-06-11 17:15:00,SYSTEM_FACE_RECOGNITION,system@facerecognition.local,TUTOR_CHECK_OUT,Isabella Davis (ID: 6403246),Tutor checked out - Total hours: 3.0h,FACE_RECOGNITION_SYSTEM
2025-06-11 14:15:00,SYSTEM_FACE_RECOGNITION,system@facerecognition.local,TUTOR_CHECK_IN,Isabella Davis (ID: 6403246),Tutor checked in - Duration: 3.0h,FACE_RECOGNITION_SYSTEM
2025-06-10 19:00:00,SYSTEM_FACE_RECOGNITION,system@facerecognition.local,TUTOR_CHECK_OUT,Noah Wilson (ID: 4146623),Tutor checked out - Total hours: 3.0h,FACE_RECOGNITION_SYSTEM
2025-06-10 16:00:00,SYSTEM_FACE_RECOGNITION,system@facerecognition.local,TUTOR_CHECK_IN,Noah Wilson (ID: 4146623),Tutor checked in - Duration: 3.0h,FACE_RECOGNITION_SYSTEM
2025-06-10 10:45:00,SYSTEM_FACE_RECOGNITION,system@facerecognition.local,TUTOR_CHECK_OUT,Benjamin Lewis (ID: 3534553),Tutor checked out - Total hours: 2.0h,FACE_RECOGNITION_SYSTEM
2025-06-10 08:45:00,SYSTEM_FACE_RECOGNITION,system@facerecognition.local,TUTOR_CHECK_IN,Benjamin Lewis (ID: 3534553),Tutor checked in - Duration: 2.0h,FACE_RECOGNITION_SYSTEM
2025-06-08 17:15:00,SYSTEM_FACE_RECOGNITION,system@facerecognition.local,TUTOR_CHECK_OUT,Isha Reddy (ID: 7264805),Tutor checked out - Total hours: 2.0h,FACE_RECOGNITION_SYSTEM
2025-06-08 15:15:00,SYSTEM_FACE_RECOGNITION,system@facerecognition.local,TUTOR_CHECK_IN,Isha Reddy (ID: 7264805),Tutor checked in - Duration: 2.0h,FACE_RECOGNITION_SYSTEM
2025-06-07 13:45:00,SYSTEM_FACE_RECOGNITION,system@facerecognition.local,TUTOR_CHECK_OUT,Liam Johnson (ID: 2598056),Tutor checked out - Total hours: 3.0h,FACE_RECOGNITION_SYSTEM
2025-06-07 13:00:00,SYSTEM_FACE_RECOGNITION,system@facerecognition.local,TUTOR_CHECK_OUT,Aarav Shah (ID: 2425166),Tutor checked out - Total hours: 2.5h,FACE_RECOGNITION_SYSTEM
2025-06-07 10:45:00,SYSTEM_FACE_RECOGNITION,system@facerecognition.local,TUTOR_CHECK_IN,Liam Johnson (ID: 2598056),Tutor checked in - Duration: 3.0h,FACE_RECOGNITION_SYSTEM
2025-06-07 10:30:00,SYSTEM_FACE_RECOGNITION,system@facerecognition.local,TUTOR_CHECK_IN,Aarav Shah (ID: 2425166),Tutor checked in - Duration: 2.5h,FACE_RECOGNITION_SYSTEM
2025-06-06 14:15:00,SYSTEM_FACE_RECOGNITION,system@facerecognition.local,TUTOR_CHECK_OUT,Liam Johnson (ID: 2598056),Tutor checked out - Total hours: 1.5h,FACE_RECOGNITION_SYSTEM
2025-06-06 12:45:00,SYSTEM_FACE_RECOGNITION,system@facerecognition.local,TUTOR_CHECK_IN,Liam Johnson (ID: 2598056),Tutor checked in - Duration: 1.5h,FACE_RECOGNITION_SYSTEM
2025-06-06 12:00:00,SYSTEM_FACE_RECOGNITION,system@facerecognition.local,TUTOR_CHECK_OUT,Emily Brown (ID: 2701634),Tutor checked out - Total hours: 1.5h,FACE_RECOGNITION_SYSTEM
2025-06-06 10:30:00,SYSTEM_FACE_RECOGNITION,system@facerecognition.local,TUTOR_CHECK_IN,Emily Brown (ID: 2701634),Tutor checked in - Duration: 1.5h,FACE_RECOGNITION_SYSTEM
2025-06-05 19:00:00,SYSTEM_FACE_RECOGNITION,system@facerecognition.local,TUTOR_CHECK_OUT,Anaya Sharma (ID: 6474141),Tutor checked out - Total hours: 2.5h,FACE_RECOGNITION_SYSTEM
2025-06-05 16:30:00,SYSTEM_FACE_RECOGNITION,system@facerecognition.local,TUTOR_CHECK_IN,Anaya Sharma (ID: 6474141),Tutor checked in - Duration: 2.5h,FACE_RECOGNITION_SYSTEM
2025-06-05 15:45:00,SYSTEM_FACE_RECOGNITION,system@facerecognition.local,TUTOR_CHECK_OUT,Neha Patel (ID: 2750869),Tutor checked out - Total hours: 3.0h,FACE_RECOGNITION_SYSTEM
2025-06-05 12:45:00,SYSTEM_FACE_RECOGNITION,system@facerecognition.local,TUTOR_CHECK_IN,Neha Patel (ID: 2750869),Tutor checked in - Duration: 3.0h,FACE_RECOGNITION_SYSTEM
2025-06-04 17:00:00,SYSTEM_FACE_RECOGNITION,system@facerecognition.local,TUTOR_CHECK_OUT,Noah Wilson (ID: 4146623),Tutor checked out - Total hours: 2.5h,FACE_RECOGNITION_SYSTEM
2025-06-04 14:30:00,SYSTEM_FACE_RECOGNITION,system@facerecognition.local,TUTOR_CHECK_IN,Noah Wilson (ID: 4146623),Tutor checked in - Duration: 2.5h,FACE_RECOGNITION_SYSTEM
2025-06-04 11:00:00,SYSTEM_FACE_RECOGNITION,system@facerecognition.local,TUTOR_CHECK_OUT,Aarav Shah (ID: 2425166),Tutor checked out - Total hours: 2.0h,FACE_RECOGNITION_SYSTEM
2025-06-04 09:00:00,SYSTEM_FACE_RECOGNITION,system@facerecognition.local,TUTOR_CHECK_IN,Aarav Shah (ID: 2425166),Tutor checked in - Duration: 2.0h,FACE_RECOGNITION_SYSTEM
2025-06-01 19:15:00,SYSTEM_FACE_RECOGNITION,system@facerecognition.local,TUTOR_CHECK_OUT,Liam Johnson (ID: 2598056),Tutor checked out - Total hours: 2.0h,FACE_RECOGNITION_SYSTEM
2025-06-01 17:30:00,SYSTEM_FACE_RECOGNITION,system@facerecognition.local,TUTOR_CHECK_OUT,Aanya Mehta (ID: 8853681),Tutor checked out - Total hours: 3.0h,FACE_RECOGNITION_SYSTEM
2025-06-01 17:15:00,SYSTEM_FACE_RECOGNITION,system@facerecognition.local,TUTOR_CHECK_IN,Liam Johnson (ID: 2598056),Tutor checked in - Duration: 2.0h,FACE_RECOGNITION_SYSTEM
2025-06-01 14:30:00,SYSTEM_FACE_RECOGNITION,system@facerecognition.local,TUTOR_CHECK_IN,Aanya Mehta (ID: 8853681),Tutor checked in - Duration: 3.0h,FACE_RECOGNITION_SYSTEM
2025-05-31 14:30:00,SYSTEM_FACE_RECOGNITION,system@facerecognition.local,TUTOR_CHECK_OUT,Ryan Scott (ID: 7644166),Tutor checked out - Total hours: 1.5h,FACE_RECOGNITION_SYSTEM
2025-05-31 13:00:00,SYSTEM_FACE_RECOGNITION,system@facerecognition.local,TUTOR_CHECK_IN,Ryan Scott (ID: 7644166),Tutor checked in - Duration: 1.5h,FACE_RECOGNITION_SYSTEM
2025-05-31 12:15:00,SYSTEM_FACE_RECOGNITION,system@facerecognition.local,TUTOR_CHECK_OUT,Anaya Sharma (ID: 6474141),Tutor checked out - Total hours: 2.0h,FACE_RECOGNITION_SYSTEM
2025-05-31 10:15:00,SYSTEM_FACE_RECOGNITION,system@facerecognition.local,TUTOR_CHECK_IN,Anaya Sharma (ID: 6474141),Tutor checked in - Duration: 2.0h,FACE_RECOGNITION_SYSTEM
2025-05-29 11:30:00,SYSTEM_FACE_RECOGNITION,system@facerecognition.local,TUTOR_CHECK_OUT,Aarav Shah (ID: 2425166),Tutor checked out - Total hours: 2.0h,FACE_RECOGNITION_SYSTEM
2025-05-29 09:30:00,SYSTEM_FACE_RECOGNITION,system@facerecognition.local,TUTOR_CHECK_IN,Aarav Shah (ID: 2425166),Tutor checked in - Duration: 2.0h,FACE_RECOGNITION_SYSTEM
2025-05-28 11:30:00,SYSTEM_FACE_RECOGNITION,system@facerecognition.local,TUTOR_CHECK_OUT,Meera Nair (ID: 6362733),Tutor checked out - Total hours: 1.5h,FACE_RECOGNITION_SYSTEM
2025-05-28 10:00:00,SYSTEM_FACE_RECOGNITION,system@facerecognition.local,TUTOR_CHECK_IN,Meera Nair (ID: 6362733),Tutor checked in - Duration: 1.5h,FACE_RECOGNITION_SYSTEM
2025-05-26 13:45:00,SYSTEM_FACE_RECOGNITION,system@facerecognition.local,TUTOR_CHECK_OUT,Neha Patel (ID: 2750869),Tutor checked out - Total hours: 1.5h,FACE_RECOGNITION_SYSTEM
2025-05-26 12:15:00,SYSTEM_FACE_RECOGNITION,system@facerecognition.local,TUTOR_CHECK_IN,Neha Patel (ID: 2750869),Tutor checked in - Duration: 1.5h,FACE_RECOGNITION_SYSTEM
2025-05-22 19:00:00,SYSTEM_FACE_RECOGNITION,system@facerecognition.local,TUTOR_CHECK_OUT,Emily Brown (ID: 2701634),Tutor checked out - Total hours: 2.5h,FACE_RECOGNITION_SYSTEM
2025-05-22 16:30:00,SYSTEM_FACE_RECOGNITION,system@facerecognition.local,TUTOR_CHECK_OUT,Vivaan Kumar (ID: 7134699),Tutor checked out - Total hours: 2.5h,FACE_RECOGNITION_SYSTEM
2025-05-22 16:30:00,SYSTEM_FACE_RECOGNITION,system@facerecognition.local,TUTOR_CHECK_IN,Emily Brown (ID: 2701634),Tutor checked in - Duration: 2.5h,FACE_RECOGNITION_SYSTEM
2025-05-22 14:00:00,SYSTEM_FACE_RECOGNITION,system@facerecognition.local,TUTOR_CHECK_IN,Vivaan Kumar (ID: 7134699),Tutor checked in - Duration: 2.5h,FACE_RECOGNITION_SYSTEM
2025-05-20 17:15:00,SYSTEM_FACE_RECOGNITION,system@facerecognition.local,TUTOR_CHECK_OUT,Aarav Shah (ID: 2425166),Tutor checked out - Total hours: 3.0h,FACE_RECOGNITION_SYSTEM
2025-05-20 14:15:00,SYSTEM_FACE_RECOGNITION,system@facerecognition.local,TUTOR_CHECK_IN,Aarav Shah (ID: 2425166),Tutor checked in - Duration: 3.0h,FACE_RECOGNITION_SYSTEM
2025-05-19 16:15:00,SYSTEM_FACE_RECOGNITION,system@facerecognition.local,TUTOR_CHECK_OUT,Aanya Mehta (ID: 8853681),Tutor checked out - Total hours: 2.0h,FACE_RECOGNITION_SYSTEM
2025-05-19 14:15:00,SYSTEM_FACE_RECOGNITION,system@facerecognition.local,TUTOR_CHECK_IN,Aanya Mehta (ID: 8853681),Tutor checked in - Duration: 2.0h,FACE_RECOGNITION_SYSTEM
2025-05-19 09:30:00,SYSTEM_FACE_RECOGNITION,system@facerecognition.local,TUTOR_CHECK_OUT,Noah Wilson (ID: 4146623),Tutor checked out - Total hours: 1.5h,FACE_RECOGNITION_SYSTEM
2025-05-19 08:00:00,SYSTEM_FACE_RECOGNITION,system@facerecognition.local,TUTOR_CHECK_IN,Noah Wilson (ID: 4146623),Tutor checked in - Duration: 1.5h,FACE_RECOGNITION_SYSTEM
2025-05-18 18:00:00,SYSTEM_FACE_RECOGNITION,system@facerecognition.local,TUTOR_CHECK_OUT,Avni Desai (ID: 2630571),Tutor checked out - Total hours: 2.0h,FACE_RECOGNITION_SYSTEM
2025-05-18 16:00:00,SYSTEM_FACE_RECOGNITION,system@facerecognition.local,TUTOR_CHECK_IN,Avni Desai (ID: 2630571),Tutor checked in - Duration: 2.0h,FACE_RECOGNITION_SYSTEM
2025-05-17 16:00:00,SYSTEM_FACE_RECOGNITION,system@facerecognition.local,TUTOR_CHECK_OUT,Benjamin Lewis (ID: 3534553),Tutor checked out - Total hours: 2.0h,FACE_RECOGNITION_SYSTEM
2025-05-17 14:00:00,SYSTEM_FACE_RECOGNITION,system@facerecognition.local,TUTOR_CHECK_IN,Benjamin Lewis (ID: 3534553),Tutor checked in - Duration: 2.0h,FACE_RECOGNITION_SYSTEM
2025-05-12 14:15:00,SYSTEM_FACE_RECOGNITION,system@facerecognition.local,TUTOR_CHECK_OUT,Liam Johnson (ID: 2598056),Tutor checked out - Total hours: 1.5h,FACE_RECOGNITION_SYSTEM
2025-05-12 12:45:00,SYSTEM_FACE_RECOGNITION,system@facerecognition.local,TUTOR_CHECK_IN,Liam Johnson (ID: 2598056),Tutor checked in - Duration: 1.5h,FACE_RECOGNITION_SYSTEM
2025-05-12 10:30:00,SYSTEM_FACE_RECOGNITION,system@facerecognition.local,TUTOR_CHECK_OUT,Noah Wilson (ID: 4146623),Tutor checked out - Total hours: 2.0h,FACE_RECOGNITION_SYSTEM
2025-05-12 08:30:00,SYSTEM_FACE_RECOGNITION,system@facerecognition.local,TUTOR_CHECK_IN,Noah Wilson (ID: 4146623),Tutor checked in - Duration: 2.0h,FACE_RECOGNITION_SYSTEM
2025-05-11 16:15:00,SYSTEM_FACE_RECOGNITION,system@facerecognition.local,TUTOR_CHECK_OUT,Avni Desai (ID: 2630571),Tutor checked out - Total hours: 2.0h,FACE_RECOGNITION_SYSTEM
2025-05-11 14:15:00,SYSTEM_FACE_RECOGNITION,system@facerecognition.local,TUTOR_CHECK_IN,Avni Desai (ID: 2630571),Tutor checked in - Duration: 2.0h,FACE_RECOGNITION_SYSTEM
2025-05-10 16:15:00,SYSTEM_FACE_RECOGNITION,system@facerecognition.local,TUTOR_CHECK_OUT,Mason Lee (ID: 6664205),Tutor checked out - Total hours: 1.5h,FACE_RECOGNITION_SYSTEM
2025-05-10 14:45:00,SYSTEM_FACE_RECOGNITION,system@facerecognition.local,TUTOR_CHECK_IN,Mason Lee (ID: 6664205),Tutor checked in - Duration: 1.5h,FACE_RECOGNITION_SYSTEM
2025-05-09 16:30:00,SYSTEM_FACE_RECOGNITION,system@facerecognition.local,TUTOR_CHECK_OUT,Meera Nair (ID: 6362733),Tutor checked out - Total hours: 3.0h,FACE_RECOGNITION_SYSTEM
2025-05-09 13:30:00,SYSTEM_FACE_RECOGNITION,system@facerecognition.local,TUTOR_CHECK_IN,Meera Nair (ID: 6362733),Tutor checked in - Duration: 3.0h,FACE_RECOGNITION_SYSTEM
2025-05-07 20:00:00,SYSTEM_FACE_RECOGNITION,system@facerecognition.local,TUTOR_CHECK_OUT,Ryan Scott (ID: 7644166),Tutor checked out - Total hours: 3.0h,FACE_RECOGNITION_SYSTEM
2025-05-07 18:15:00,SYSTEM_FACE_RECOGNITION,system@facerecognition.local,TUTOR_CHECK_OUT,Zoya Singh (ID: 9323660),Tutor checked out - Total hours: 2.0h,FACE_RECOGNITION_SYSTEM
2025-05-07 17:00:00,SYSTEM_FACE_RECOGNITION,system@facerecognition.local,TUTOR_CHECK_IN,Ryan Scott (ID: 7644166),Tutor checked in - Duration: 3.0h,FACE_RECOGNITION_SYSTEM
2025-05-07 16:15:00,SYSTEM_FACE_RECOGNITION,system@facerecognition.local,TUTOR_CHECK_IN,Zoya Singh (ID: 9323660),Tutor checked in - Duration: 2.0h,FACE_RECOGNITION_SYSTEM
2025-05-07 12:00:00,SYSTEM_FACE_RECOGNITION,system@facerecognition.local,TUTOR_CHECK_OUT,Ryan Scott (ID: 7644166),Tutor checked out - Total hours: 2.0h,FACE_RECOGNITION_SYSTEM
2025-05-07 10:00:00,SYSTEM_FACE_RECOGNITION,system@facerecognition.local,TUTOR_CHECK_IN,Ryan Scott (ID: 7644166),Tutor checked in - Duration: 2.0h,FACE_RECOGNITION_SYSTEM
2025-05-06 14:00:00,SYSTEM_FACE_RECOGNITION,system@facerecognition.local,TUTOR_CHECK_OUT,Arjun Kapoor (ID: 7916493),Tutor checked out - Total hours: 2.0h,FACE_RECOGNITION_SYSTEM
2025-05-06 12:00:00,SYSTEM_FACE_RECOGNITION,system@facerecognition.local,TUTOR_CHECK_IN,Arjun Kapoor (ID: 7916493),Tutor checked in - Duration: 2.0h,FACE_RECOGNITION_SYSTEM
2025-05-06 10:30:00,SYSTEM_FACE_RECOGNITION,system@facerecognition.local,TUTOR_CHECK_OUT,Saanvi Joshi (ID: 2115580),Tutor checked out - Total hours: 2.5h,FACE_RECOGNITION_SYSTEM
2025-05-06 08:00:00,SYSTEM_FACE_RECOGNITION,system@facerecognition.local,TUTOR_CHECK_IN,Saanvi Joshi (ID: 2115580),Tutor checked in - Duration: 2.5h,FACE_RECOGNITION_SYSTEM
2025-05-05 16:45:00,SYSTEM_FACE_RECOGNITION,system@facerecognition.local,TUTOR_CHECK_OUT,Ryan Scott (ID: 7644166),Tutor checked out - Total hours: 2.5h,FACE_RECOGNITION_SYSTEM
2025-05-05 14:15:00,SYSTEM_FACE_RECOGNITION,system@facerecognition.local,TUTOR_CHECK_IN,Ryan Scott (ID: 7644166),Tutor checked in - Duration: 2.5h,FACE_RECOGNITION_SYSTEM
2025-05-05 12:45:00,SYSTEM_FACE_RECOGNITION,system@facerecognition.local,TUTOR_CHECK_OUT,James Martin (ID: 2192067),Tutor checked out - Total hours: 2.5h,FACE_RECOGNITION_SYSTEM
2025-05-05 10:15:00,SYSTEM_FACE_RECOGNITION,system@facerecognition.local,TUTOR_CHECK_IN,James Martin (ID: 2192067),Tutor checked in - Duration: 2.5h,FACE_RECOGNITION_SYSTEM
2025-05-04 19:00:00,SYSTEM_FACE_RECOGNITION,system@facerecognition.local,TUTOR_CHECK_OUT,Isabella Davis (ID: 6403246),Tutor checked out - Total hours: 2.5h,FACE_RECOGNITION_SYSTEM
2025-05-04 16:30:00,SYSTEM_FACE_RECOGNITION,system@facerecognition.local,TUTOR_CHECK_IN,Isabella Davis (ID: 6403246),Tutor checked in - Duration: 2.5h,FACE_RECOGNITION_SYSTEM
2025-05-02 14:15:00,SYSTEM_FACE_RECOGNITION,system@facerecognition.local,TUTOR_CHECK_OUT,Saanvi Joshi (ID: 2115580),Tutor checked out - Total hours: 1.5h,FACE_RECOGNITION_SYSTEM
2025-05-02 12:45:00,SYSTEM_FACE_RECOGNITION,system@facerecognition.local,TUTOR_CHECK_IN,Saanvi Joshi (ID: 2115580),Tutor checked in - Duration: 1.5h,FACE_RECOGNITION_SYSTEM
2025-05-02 11:45:00,SYSTEM_FACE_RECOGNITION,system@facerecognition.local,TUTOR_CHECK_OUT,Noah Wilson (ID: 4146623),Tutor checked out - Total hours: 3.0h,FACE_RECOGNITION_SYSTEM
2025-05-02 11:00:00,SYSTEM_FACE_RECOGNITION,system@facerecognition.local,TUTOR_CHECK_OUT,Avni Desai (ID: 2630571),Tutor checked out - Total hours: 3.0h,FACE_RECOGNITION_SYSTEM
2025-05-02 08:45:00,SYSTEM_FACE_RECOGNITION,system@facerecognition.local,TUTOR_CHECK_IN,Noah Wilson (ID: 4146623),Tutor checked in - Duration: 3.0h,FACE_RECOGNITION_SYSTEM
2025-05-02 08:00:00,SYSTEM_FACE_RECOGNITION,system@facerecognition.local,TUTOR_CHECK_IN,Avni Desai (ID: 2630571),Tutor checked in - Duration: 3.0h,FACE_RECOGNITION_SYSTEM
2025-05-01 18:00:00,SYSTEM_FACE_RECOGNITION,system@facerecognition.local,TUTOR_CHECK_OUT,Isha Reddy (ID: 7264805),Tutor checked out - Total hours: 2.0h,FACE_RECOGNITION_SYSTEM
2025-05-01 16:00:00,SYSTEM_FACE_RECOGNITION,system@facerecognition.local,TUTOR_CHECK_IN,Isha Reddy (ID: 7264805),Tutor checked in - Duration: 2.0h,FACE_RECOGNITION_SYSTEM
2025-05-01 12:30:00,SYSTEM_FACE_RECOGNITION,system@facerecognition.local,TUTOR_CHECK_OUT,James Martin (ID: 2192067),Tutor checked out - Total hours: 2.0h,FACE_RECOGNITION_SYSTEM
2025-05-01 10:30:00,SYSTEM_FACE_RECOGNITION,system@facerecognition.local,TUTOR_CHECK_IN,James Martin (ID: 2192067),Tutor checked in - Duration: 2.0h,FACE_RECOGNITION_SYSTEM
2025-04-29 15:15:00,SYSTEM_FACE_RECOGNITION,system@facerecognition.local,TUTOR_CHECK_OUT,Anaya Sharma (ID: 6474141),Tutor checked out - Total hours: 3.0h,FACE_RECOGNITION_SYSTEM
2025-04-29 14:30:00,SYSTEM_FACE_RECOGNITION,system@facerecognition.local,TUTOR_CHECK_OUT,Isha Reddy (ID: 7264805),Tutor checked out - Total hours: 2.5h,FACE_RECOGNITION_SYSTEM
2025-04-29 12:45:00,SYSTEM_FACE_RECOGNITION,system@facerecognition.local,TUTOR_CHECK_IN,Lucas Moore (ID: 6887917),Tutor checked in - Duration: 2.5h,FACE_RECOGNITION_SYSTEM
2025-04-29 12:15:00,SYSTEM_FACE_RECOGNITION,system@facerecognition.local,TUTOR_CHECK_IN,Anaya Sharma (ID: 6474141),Tutor checked in - Duration: 3.0h,FACE_RECOGNITION_SYSTEM
2025-04-29 12:15:00,SYSTEM_FACE_RECOGNITION,system@facerecognition.local,TUTOR_CHECK_OUT,Benjamin Lewis (ID: 3534553),Tutor checked out - Total hours: 2.5h,FACE_RECOGNITION_SYSTEM
2025-04-29 12:00:00,SYSTEM_FACE_RECOGNITION,system@facerecognition.local,TUTOR_CHECK_IN,Isha Reddy (ID: 7264805),Tutor checked in - Duration: 2.5h,FACE_RECOGNITION_SYSTEM
2025-04-29 09:45:00,SYSTEM_FACE_RECOGNITION,system@facerecognition.local,TUTOR_CHECK_IN,Benjamin Lewis (ID: 3534553),Tutor checked in - Duration: 2.5h,FACE_RECOGNITION_SYSTEM
2025-04-27 12:45:00,SYSTEM_FACE_RECOGNITION,system@facerecognition.local,TUTOR_CHECK_OUT,Meera Nair (ID: 6362733),Tutor checked out - Total hours: 2.0h,FACE_RECOGNITION_SYSTEM
2025-04-27 11:15:00,SYSTEM_FACE_RECOGNITION,system@facerecognition.local,TUTOR_CHECK_OUT,Aarav Shah (ID: 2425166),Tutor checked out - Total hours: 1.5h,FACE_RECOGNITION_SYSTEM
2025-04-27 10:45:00,SYSTEM_FACE_RECOGNITION,system@facerecognition.local,TUTOR_CHECK_IN,Meera Nair (ID: 6362733),Tutor checked in - Duration: 2.0h,FACE_RECOGNITION_SYSTEM
2025-04-27 09:45:00,SYSTEM_FACE_RECOGNITION,system@facerecognition.local,TUTOR_CHECK_IN,Aarav Shah (ID: 2425166),Tutor checked in - Duration: 1.5h,FACE_RECOGNITION_SYSTEM
2025-04-26 17:15:00,SYSTEM_FACE_RECOGNITION,system@facerecognition.local,TUTOR_CHECK_OUT,Isabella Davis (ID: 6403246),Tutor checked out - Total hours: 3.0h,FACE_RECOGNITION_SYSTEM
2025-04-26 17:00:00,SYSTEM_FACE_RECOGNITION,system@facerecognition.local,TUTOR_CHECK_OUT,Zoya Singh (ID: 9323660),Tutor checked out - Total hours: 3.0h,FACE_RECOGNITION_SYSTEM
2025-04-26 15:15:00,SYSTEM_FACE_RECOGNITION,system@facerecognition.local,TUTOR_CHECK_OUT,Saanvi Joshi (ID: 2115580),Tutor checked out - Total hours: 2.5h,FACE_RECOGNITION_SYSTEM
2025-04-26 14:15:00,SYSTEM_FACE_RECOGNITION,system@facerecognition.local,TUTOR_CHECK_IN,Isabella Davis (ID: 6403246),Tutor checked in - Duration: 3.0h,FACE_RECOGNITION_SYSTEM
2025-04-26 14:00:00,SYSTEM_FACE_RECOGNITION,system@facerecognition.local,TUTOR_CHECK_IN,Zoya Singh (ID: 9323660),Tutor checked in - Duration: 3.0h,FACE_RECOGNITION_SYSTEM
2025-04-26 12:45:00,SYSTEM_FACE_RECOGNITION,system@facerecognition.local,TUTOR_CHECK_IN,Saanvi Joshi (ID: 2115580),Tutor checked in - Duration: 2.5h,FACE_RECOGNITION_SYSTEM
2025-04-26 12:15:00,SYSTEM_FACE_RECOGNITION,system@facerecognition.local,TUTOR_CHECK_OUT,Lucas Moore (ID: 6887917),Tutor checked out - Total hours: 2.0h,FACE_RECOGNITION_SYSTEM
2025-04-26 10:15:00,SYSTEM_FACE_RECOGNITION,system@facerecognition.local,TUTOR_CHECK_IN,Lucas Moore (ID: 6887917),Tutor checked in - Duration: 2.0h,FACE_RECOGNITION_SYSTEM
2025-04-25 17:15:00,SYSTEM_FACE_RECOGNITION,system@facerecognition.local,TUTOR_CHECK_OUT,Ryan Scott (ID: 7644166),Tutor checked out - Total hours: 1.5h,FACE_RECOGNITION_SYSTEM
2025-04-25 15:45:00,SYSTEM_FACE_RECOGNITION,system@facerecognition.local,TUTOR_CHECK_IN,Ryan Scott (ID: 7644166),Tutor checked in - Duration: 1.5h,FACE_RECOGNITION_SYSTEM
2025-04-25 13:00:00,SYSTEM_FACE_RECOGNITION,system@facerecognition.local,TUTOR_CHECK_OUT,Benjamin Lewis (ID: 3534553),Tutor checked out - Total hours: 1.5h,FACE_RECOGNITION_SYSTEM
2025-04-25 11:30:00,SYSTEM_FACE_RECOGNITION,system@facerecognition.local,TUTOR_CHECK_OUT,Mason Lee (ID: 6664205),Tutor checked out - Total hours: 2.0h,FACE_RECOGNITION_SYSTEM
2025-04-25 11:30:00,SYSTEM_FACE_RECOGNITION,system@facerecognition.local,TUTOR_CHECK_IN,Benjamin Lewis (ID: 3534553),Tutor checked in - Duration: 1.5h,FACE_RECOGNITION_SYSTEM
2025-04-25 10:00:00,SYSTEM_FACE_RECOGNITION,system@facerecognition.local,TUTOR_CHECK_OUT,Meera Nair (ID: 6362733),Tutor checked out - Total hours: 2.0h,FACE_RECOGNITION_SYSTEM
2025-04-25 09:30:00,SYSTEM_FACE_RECOGNITION,system@facerecognition.local,TUTOR_CHECK_IN,Mason Lee (ID: 6664205),Tutor checked in - Duration: 2.0h,FACE_RECOGNITION_SYSTEM
2025-04-25 08:00:00,SYSTEM_FACE_RECOGNITION,system@facerecognition.local,TUTOR_CHECK_IN,Meera Nair (ID: 6362733),Tutor checked in - Duration: 2.0h,FACE_RECOGNITION_SYSTEM
2025-04-23 17:15:00,SYSTEM_FACE_RECOGNITION,system@facerecognition.local,TUTOR_CHECK_OUT,Isabella Davis (ID: 6403246),Tutor checked out - Total hours: 3.0h,FACE_RECOGNITION_SYSTEM
2025-04-23 15:00:00,SYSTEM_FACE_RECOGNITION,system@facerecognition.local,TUTOR_CHECK_OUT,Aarav Shah (ID: 2425166),Tutor checked out - Total hours: 2.5h,FACE_RECOGNITION_SYSTEM
2025-04-23 14:15:00,SYSTEM_FACE_RECOGNITION,system@facerecognition.local,TUTOR_CHECK_IN,Isabella Davis (ID: 6403246),Tutor checked in - Duration: 3.0h,FACE_RECOGNITION_SYSTEM
2025-04-23 12:30:00,SYSTEM_FACE_RECOGNITION,system@facerecognition.local,TUTOR_CHECK_IN,Aarav Shah (ID: 2425166),Tutor checked in - Duration: 2.5h,FACE_RECOGNITION_SYSTEM
2025-04-22 19:00:00,SYSTEM_FACE_RECOGNITION,system@facerecognition.local,TUTOR_CHECK_OUT,Noah Wilson (ID: 4146623),Tutor checked out - Total hours: 3.0h,FACE_RECOGNITION_SYSTEM
2025-04-22 16:00:00,SYSTEM_FACE_RECOGNITION,system@facerecognition.local,TUTOR_CHECK_IN,Noah Wilson (ID: 4146623),Tutor checked in - Duration: 3.0h,FACE_RECOGNITION_SYSTEM
2025-04-22 10:45:00,SYSTEM_FACE_RECOGNITION,system@facerecognition.local,TUTOR_CHECK_OUT,Benjamin Lewis (ID: 3534553),Tutor checked out - Total hours: 2.0h,FACE_RECOGNITION_SYSTEM
2025-04-22 08:45:00,SYSTEM_FACE_RECOGNITION,system@facerecognition.local,TUTOR_CHECK_IN,Benjamin Lewis (ID: 3534553),Tutor checked in - Duration: 2.0h,FACE_RECOGNITION_SYSTEM
2025-04-20 17:15:00,SYSTEM_FACE_RECOGNITION,system@facerecognition.local,TUTOR_CHECK_OUT,Isha Reddy (ID: 7264805),Tutor checked out - Total hours: 2.0h,FACE_RECOGNITION_SYSTEM
2025-04-20 15:15:00,SYSTEM_FACE_RECOGNITION,system@facerecognition.local,TUTOR_CHECK_IN,Isha Reddy (ID: 7264805),Tutor checked in - Duration: 2.0h,FACE_RECOGNITION_SYSTEM
2025-04-19 13:45:00,SYSTEM_FACE_RECOGNITION,system@facerecognition.local,TUTOR_CHECK_OUT,Liam Johnson (ID: 2598056),Tutor checked out - Total hours: 3.0h,FACE_RECOGNITION_SYSTEM
2025-04-19 13:00:00,SYSTEM_FACE_RECOGNITION,system@facerecognition.local,TUTOR_CHECK_OUT,Aarav Shah (ID: 2425166),Tutor checked out - Total hours: 2.5h,FACE_RECOGNITION_SYSTEM
2025-04-19 10:45:00,SYSTEM_FACE_RECOGNITION,system@facerecognition.local,TUTOR_CHECK_IN,Liam Johnson (ID: 2598056),Tutor checked in - Duration: 3.0h,FACE_RECOGNITION_SYSTEM
2025-04-19 10:30:00,SYSTEM_FACE_RECOGNITION,system@facerecognition.local,TUTOR_CHECK_IN,Aarav Shah (ID: 2425166),Tutor checked in - Duration: 2.5h,FACE_RECOGNITION_SYSTEM
2025-04-18 14:15:00,SYSTEM_FACE_RECOGNITION,system@facerecognition.local,TUTOR_CHECK_OUT,Liam Johnson (ID: 2598056),Tutor checked out - Total hours: 1.5h,FACE_RECOGNITION_SYSTEM
2025-04-18 12:45:00,SYSTEM_FACE_RECOGNITION,system@facerecognition.local,TUTOR_CHECK_IN,Liam Johnson (ID: 2598056),Tutor checked in - Duration: 1.5h,FACE_RECOGNITION_SYSTEM
2025-04-18 12:00:00,SYSTEM_FACE_RECOGNITION,system@facerecognition.local,TUTOR_CHECK_OUT,Emily Brown (ID: 2701634),Tutor checked out - Total hours: 1.5h,FACE_RECOGNITION_SYSTEM
2025-04-18 10:30:00,SYSTEM_FACE_RECOGNITION,system@facerecognition.local,TUTOR_CHECK_IN,Emily Brown (ID: 2701634),Tutor checked in - Duration: 1.5h,FACE_RECOGNITION_SYSTEM
2025-04-17 19:00:00,SYSTEM_FACE_RECOGNITION,system@facerecognition.local,TUTOR_CHECK_OUT,Anaya Sharma (ID: 6474141),Tutor checked out - Total hours: 2.5h,FACE_RECOGNITION_SYSTEM
2025-04-17 16:30:00,SYSTEM_FACE_RECOGNITION,system@facerecognition.local,TUTOR_CHECK_IN,Anaya Sharma (ID: 6474141),Tutor checked in - Duration: 2.5h,FACE_RECOGNITION_SYSTEM
2025-04-17 15:45:00,SYSTEM_FACE_RECOGNITION,system@facerecognition.local,TUTOR_CHECK_OUT,Neha Patel (ID: 2750869),Tutor checked out - Total hours: 3.0h,FACE_RECOGNITION_SYSTEM
2025-04-17 12:45:00,SYSTEM_FACE_RECOGNITION,system@facerecognition.local,TUTOR_CHECK_IN,Neha Patel (ID: 2750869),Tutor checked in - Duration: 3.0h,FACE_RECOGNITION_SYSTEM
2025-04-16 20:00:00,SYSTEM_FACE_RECOGNITION,system@facerecognition.local,TUTOR_CHECK_OUT,Aarav Shah (ID: 2425166),Tutor checked out - Total hours: 3.0h,FACE_RECOGNITION_SYSTEM
2025-04-16 19:45:00,SYSTEM_FACE_RECOGNITION,system@facerecognition.local,TUTOR_CHECK_OUT,Emily Brown (ID: 2701634),Tutor checked out - Total hours: 2.0h,FACE_RECOGNITION_SYSTEM
2025-04-16 17:45:00,SYSTEM_FACE_RECOGNITION,system@facerecognition.local,TUTOR_CHECK_IN,Emily Brown (ID: 2701634),Tutor checked in - Duration: 2.0h,FACE_RECOGNITION_SYSTEM
2025-04-16 17:00:00,SYSTEM_FACE_RECOGNITION,system@facerecognition.local,TUTOR_CHECK_OUT,Noah Wilson (ID: 4146623),Tutor checked out - Total hours: 2.5h,FACE_RECOGNITION_SYSTEM
2025-04-16 14:30:00,SYSTEM_FACE_RECOGNITION,system@facerecognition.local,TUTOR_CHECK_IN,Noah Wilson (ID: 4146623),Tutor checked in - Duration: 2.5h,FACE_RECOGNITION_SYSTEM
2025-04-16 11:00:00,SYSTEM_FACE_RECOGNITION,system@facerecognition.local,TUTOR_CHECK_OUT,Aarav Shah (ID: 2425166),Tutor checked out - Total hours: 2.0h,FACE_RECOGNITION_SYSTEM
2025-04-16 09:00:00,SYSTEM_FACE_RECOGNITION,system@facerecognition.local,TUTOR_CHECK_IN,Aarav Shah (ID: 2425166),Tutor checked in - Duration: 2.0h,FACE_RECOGNITION_SYSTEM
2025-04-15 11:00:00,SYSTEM_FACE_RECOGNITION,system@facerecognition.local,TUTOR_CHECK_OUT,Neha Patel (ID: 2750869),Tutor checked out - Total hours: 3.0h,FACE_RECOGNITION_SYSTEM
2025-04-15 08:00:00,SYSTEM_FACE_RECOGNITION,system@facerecognition.local,TUTOR_CHECK_IN,Neha Patel (ID: 2750869),Tutor checked in - Duration: 3.0h,FACE_RECOGNITION_SYSTEM
2025-04-14 18:15:00,SYSTEM_FACE_RECOGNITION,system@facerecognition.local,TUTOR_CHECK_OUT,Liam Johnson (ID: 2598056),Tutor checked out - Total hours: 2.0h,FACE_RECOGNITION_SYSTEM
2025-04-14 16:15:00,SYSTEM_FACE_RECOGNITION,system@facerecognition.local,TUTOR_CHECK_IN,Liam Johnson (ID: 2598056),Tutor checked in - Duration: 2.0h,FACE_RECOGNITION_SYSTEM
2025-04-14 12:30:00,SYSTEM_FACE_RECOGNITION,system@facerecognition.local,TUTOR_CHECK_OUT,Isabella Davis (ID: 6403246),Tutor checked out - Total hours: 3.0h,FACE_RECOGNITION_SYSTEM
2025-04-14 09:30:00,SYSTEM_FACE_RECOGNITION,system@facerecognition.local,TUTOR_CHECK_IN,Isabella Davis (ID: 6403246),Tutor checked in - Duration: 3.0h,FACE_RECOGNITION_SYSTEM
2025-04-13 19:15:00,SYSTEM_FACE_RECOGNITION,system@facerecognition.local,TUTOR_CHECK_OUT,Liam Johnson (ID: 2598056),Tutor checked out - Total hours: 2.0h,FACE_RECOGNITION_SYSTEM
2025-04-13 17:30:00,SYSTEM_FACE_RECOGNITION,system@facerecognition.local,TUTOR_CHECK_OUT,Aanya Mehta (ID: 8853681),Tutor checked out - Total hours: 3.0h,FACE_RECOGNITION_SYSTEM
2025-04-13 17:15:00,SYSTEM_FACE_RECOGNITION,system@facerecognition.local,TUTOR_CHECK_IN,Liam Johnson (ID: 2598056),Tutor checked in - Duration: 2.0h,FACE_RECOGNITION_SYSTEM
2025-04-13 14:30:00,SYSTEM_FACE_RECOGNITION,system@facerecognition.local,TUTOR_CHECK_IN,Aanya Mehta (ID: 8853681),Tutor checked in - Duration: 3.0h,FACE_RECOGNITION_SYSTEM
2025-04-13 12:45:00,SYSTEM_FACE_RECOGNITION,system@facerecognition.local,TUTOR_CHECK_OUT,Avni Desai (ID: 2630571),Tutor checked out - Total hours: 2.5h,FACE_RECOGNITION_SYSTEM
2025-04-13 10:15:00,SYSTEM_FACE_RECOGNITION,system@facerecognition.local,TUTOR_CHECK_IN,Avni Desai (ID: 2630571),Tutor checked in - Duration: 2.5h,FACE_RECOGNITION_SYSTEM
2025-04-12 14:30:00,SYSTEM_FACE_RECOGNITION,system@facerecognition.local,TUTOR_CHECK_OUT,Ryan Scott (ID: 7644166),Tutor checked out - Total hours: 1.5h,FACE_RECOGNITION_SYSTEM
2025-04-12 13:00:00,SYSTEM_FACE_RECOGNITION,system@facerecognition.local,TUTOR_CHECK_IN,Ryan Scott (ID: 7644166),Tutor checked in - Duration: 1.5h,FACE_RECOGNITION_SYSTEM
2025-04-12 12:15:00,SYSTEM_FACE_RECOGNITION,system@facerecognition.local,TUTOR_CHECK_OUT,Anaya Sharma (ID: 6474141),Tutor checked out - Total hours: 2.0h,FACE_RECOGNITION_SYSTEM
2025-04-12 10:15:00,SYSTEM_FACE_RECOGNITION,system@facerecognition.local,TUTOR_CHECK_IN,Anaya Sharma (ID: 6474141),Tutor checked in - Duration: 2.0h,FACE_RECOGNITION_SYSTEM
2025-04-10 11:30:00,SYSTEM_FACE_RECOGNITION,system@facerecognition.local,TUTOR_CHECK_OUT,Aarav Shah (ID: 2425166),Tutor checked out - Total hours: 2.0h,FACE_RECOGNITION_SYSTEM
2025-04-10 09:30:00,SYSTEM_FACE_RECOGNITION,system@facerecognition.local,TUTOR_CHECK_IN,Aarav Shah (ID: 2425166),Tutor checked in - Duration: 2.0h,FACE_RECOGNITION_SYSTEM
2025-04-09 13:45:00,SYSTEM_FACE_RECOGNITION,system@facerecognition.local,TUTOR_CHECK_OUT,Ryan Scott (ID: 7644166),Tutor checked out - Total hours: 1.5h,FACE_RECOGNITION_SYSTEM
2025-04-09 13:00:00,SYSTEM_FACE_RECOGNITION,system@facerecognition.local,TUTOR_CHECK_OUT,Meera Nair (ID: 6362733),Tutor checked out - Total hours: 2.0h,FACE_RECOGNITION_SYSTEM
2025-04-09 12:15:00,SYSTEM_FACE_RECOGNITION,system@facerecognition.local,TUTOR_CHECK_IN,Ryan Scott (ID: 7644166),Tutor checked in - Duration: 1.5h,FACE_RECOGNITION_SYSTEM
2025-04-09 11:30:00,SYSTEM_FACE_RECOGNITION,system@facerecognition.local,TUTOR_CHECK_OUT,Meera Nair (ID: 6362733),Tutor checked out - Total hours: 1.5h,FACE_RECOGNITION_SYSTEM
2025-04-09 11:00:00,SYSTEM_FACE_RECOGNITION,system@facerecognition.local,TUTOR_CHECK_IN,Meera Nair (ID: 6362733),Tutor checked in - Duration: 2.0h,FACE_RECOGNITION_SYSTEM
2025-04-09 10:00:00,SYSTEM_FACE_RECOGNITION,system@facerecognition.local,TUTOR_CHECK_IN,Meera Nair (ID: 6362733),Tutor checked in - Duration: 1.5h,FACE_RECOGNITION_SYSTEM
2025-04-09 09:30:00,SYSTEM_FACE_RECOGNITION,system@facerecognition.local,TUTOR_CHECK_IN,Neha Patel (ID: 2750869),Tutor checked in - Duration: 2.0h,FACE_RECOGNITION_SYSTEM
2025-04-07 13:45:00,SYSTEM_FACE_RECOGNITION,system@facerecognition.local,TUTOR_CHECK_OUT,Neha Patel (ID: 2750869),Tutor checked out - Total hours: 1.5h,FACE_RECOGNITION_SYSTEM
2025-04-07 12:15:00,SYSTEM_FACE_RECOGNITION,system@facerecognition.local,TUTOR_CHECK_IN,Neha Patel (ID: 2750869),Tutor checked in - Duration: 1.5h,FACE_RECOGNITION_SYSTEM
2025-04-05 16:15:00,SYSTEM_FACE_RECOGNITION,system@facerecognition.local,TUTOR_CHECK_OUT,Saanvi Joshi (ID: 2115580),Tutor checked out - Total hours: 1.5h,FACE_RECOGNITION_SYSTEM
2025-04-05 14:45:00,SYSTEM_FACE_RECOGNITION,system@facerecognition.local,TUTOR_CHECK_IN,Saanvi Joshi (ID: 2115580),Tutor checked in - Duration: 1.5h,FACE_RECOGNITION_SYSTEM
2025-04-03 19:00:00,SYSTEM_FACE_RECOGNITION,system@facerecognition.local,TUTOR_CHECK_OUT,Emily Brown (ID: 2701634),Tutor checked out - Total hours: 2.5h,FACE_RECOGNITION_SYSTEM
2025-04-03 16:30:00,SYSTEM_FACE_RECOGNITION,system@facerecognition.local,TUTOR_CHECK_IN,Emily Brown (ID: 2701634),Tutor checked in - Duration: 2.5h,FACE_RECOGNITION_SYSTEM
2025-04-03 16:30:00,SYSTEM_FACE_RECOGNITION,system@facerecognition.local,TUTOR_CHECK_OUT,Vivaan Kumar (ID: 7134699),Tutor checked out - Total hours: 2.5h,FACE_RECOGNITION_SYSTEM
2025-04-03 14:00:00,SYSTEM_FACE_RECOGNITION,system@facerecognition.local,TUTOR_CHECK_IN,Vivaan Kumar (ID: 7134699),Tutor checked in - Duration: 2.5h,FACE_RECOGNITION_SYSTEM
2025-04-02 15:15:00,SYSTEM_FACE_RECOGNITION,system@facerecognition.local,TUTOR_CHECK_OUT,Vivaan Kumar (ID: 7134699),Tutor checked out - Total hours: 2.0h,FACE_RECOGNITION_SYSTEM
2025-04-02 13:15:00,SYSTEM_FACE_RECOGNITION,system@facerecognition.local,TUTOR_CHECK_IN,Vivaan Kumar (ID: 7134699),Tutor checked in - Duration: 2.0h,FACE_RECOGNITION_SYSTEM
2025-04-01 17:15:00,SYSTEM_FACE_RECOGNITION,system@facerecognition.local,TUTOR_CHECK_OUT,Aarav Shah (ID: 2425166),Tutor checked out - Total hours: 3.0h,FACE_RECOGNITION_SYSTEM
2025-04-01 15:00:00,SYSTEM_FACE_RECOGNITION,system@facerecognition.local,TUTOR_CHECK_OUT,Emily Brown (ID: 2701634),Tutor checked out - Total hours: 3.0h,FACE_RECOGNITION_SYSTEM
2025-04-01 14:15:00,SYSTEM_FACE_RECOGNITION,system@facerecognition.local,TUTOR_CHECK_IN,Aarav Shah (ID: 2425166),Tutor checked in - Duration: 3.0h,FACE_RECOGNITION_SYSTEM
2025-04-01 12:00:00,SYSTEM_FACE_RECOGNITION,system@facerecognition.local,TUTOR_CHECK_IN,Emily Brown (ID: 2701634),Tutor checked in - Duration: 3.0h,FACE_RECOGNITION_SYSTEM
2025-04-01 12:00:00,SYSTEM_FACE_RECOGNITION,system@facerecognition.local,TUTOR_CHECK_OUT,Aanya Mehta (ID: 8853681),Tutor checked out - Total hours: 2.5h,FACE_RECOGNITION_SYSTEM
2025-04-01 09:30:00,SYSTEM_FACE_RECOGNITION,system@facerecognition.local,TUTOR_CHECK_IN,Aanya Mehta (ID: 8853681),Tutor checked in - Duration: 2.5h,FACE_RECOGNITION_SYSTEM
2025-03-31 16:15:00,SYSTEM_FACE_RECOGNITION,system@facerecognition.local,TUTOR_CHECK_OUT,Aanya Mehta (ID: 8853681),Tutor checked out - Total hours: 2.0h,FACE_RECOGNITION_SYSTEM
2025-03-31 14:15:00,SYSTEM_FACE_RECOGNITION,system@facerecognition.local,TUTOR_CHECK_IN,Aanya Mehta (ID: 8853681),Tutor checked in - Duration: 2.0h,FACE_RECOGNITION_SYSTEM
2025-03-31 11:15:00,SYSTEM_FACE_RECOGNITION,system@facerecognition.local,TUTOR_CHECK_OUT,Isabella Davis (ID: 6403246),Tutor checked out - Total hours: 3.0h,FACE_RECOGNITION_SYSTEM
2025-03-31 09:30:00,SYSTEM_FACE_RECOGNITION,system@facerecognition.local,TUTOR_CHECK_OUT,Noah Wilson (ID: 4146623),Tutor checked out - Total hours: 1.5h,FACE_RECOGNITION_SYSTEM
2025-03-31 08:15:00,SYSTEM_FACE_RECOGNITION,system@facerecognition.local,TUTOR_CHECK_IN,Isabella Davis (ID: 6403246),Tutor checked in - Duration: 3.0h,FACE_RECOGNITION_SYSTEM
2025-03-31 08:00:00,SYSTEM_FACE_RECOGNITION,system@facerecognition.local,TUTOR_CHECK_IN,Noah Wilson (ID: 4146623),Tutor checked in - Duration: 1.5h,FACE_RECOGNITION_SYSTEM
2025-03-30 19:15:00,SYSTEM_FACE_RECOGNITION,system@facerecognition.local,TUTOR_CHECK_OUT,Aanya Mehta (ID: 8853681),Tutor checked out - Total hours: 1.5h,FACE_RECOGNITION_SYSTEM
2025-03-30 18:00:00,SYSTEM_FACE_RECOGNITION,system@facerecognition.local,TUTOR_CHECK_OUT,Avni Desai (ID: 2630571),Tutor checked out - Total hours: 2.0h,FACE_RECOGNITION_SYSTEM
2025-03-30 17:45:00,SYSTEM_FACE_RECOGNITION,system@facerecognition.local,TUTOR_CHECK_IN,Aanya Mehta (ID: 8853681),Tutor checked in - Duration: 1.5h,FACE_RECOGNITION_SYSTEM
2025-03-30 17:15:00,SYSTEM_FACE_RECOGNITION,system@facerecognition.local,TUTOR_CHECK_OUT,Noah Wilson (ID: 4146623),Tutor checked out - Total hours: 2.0h,FACE_RECOGNITION_SYSTEM
2025-03-30 16:45:00,SYSTEM_FACE_RECOGNITION,system@facerecognition.local,TUTOR_CHECK_OUT,Noah Wilson (ID: 4146623),Tutor checked out - Total hours: 2.0h,FACE_RECOGNITION_SYSTEM
2025-03-30 16:00:00,SYSTEM_FACE_RECOGNITION,system@facerecognition.local,TUTOR_CHECK_IN,Avni Desai (ID: 2630571),Tutor checked in - Duration: 2.0h,FACE_RECOGNITION_SYSTEM
2025-03-30 15:15:00,SYSTEM_FACE_RECOGNITION,system@facerecognition.local,TUTOR_CHECK_IN,Noah Wilson (ID: 4146623),Tutor checked in - Duration: 2.0h,FACE_RECOGNITION_SYSTEM
2025-03-30 14:45:00,SYSTEM_FACE_RECOGNITION,system@facerecognition.local,TUTOR_CHECK_IN,Noah Wilson (ID: 4146623),Tutor checked in - Duration: 2.0h,FACE_RECOGNITION_SYSTEM
2025-03-29 16:45:00,SYSTEM_FACE_RECOGNITION,system@facerecognition.local,TUTOR_CHECK_OUT,Saanvi Joshi (ID: 2115580),Tutor checked out - Total hours: 1.5h,FACE_RECOGNITION_SYSTEM
2025-03-29 16:00:00,SYSTEM_FACE_RECOGNITION,system@facerecognition.local,TUTOR_CHECK_OUT,Benjamin Lewis (ID: 3534553),Tutor checked out - Total hours: 2.0h,FACE_RECOGNITION_SYSTEM
2025-03-29 15:15:00,SYSTEM_FACE_RECOGNITION,system@facerecognition.local,TUTOR_CHECK_IN,Saanvi Joshi (ID: 2115580),Tutor checked in - Duration: 1.5h,FACE_RECOGNITION_SYSTEM
2025-03-29 14:00:00,SYSTEM_FACE_RECOGNITION,system@facerecognition.local,TUTOR_CHECK_IN,Benjamin Lewis (ID: 3534553),Tutor checked in - Duration: 2.0h,FACE_RECOGNITION_SYSTEM
2025-03-28 13:30:00,SYSTEM_FACE_RECOGNITION,system@facerecognition.local,TUTOR_CHECK_OUT,Meera Nair (ID: 6362733),Tutor checked out - Total hours: 3.0h,FACE_RECOGNITION_SYSTEM
2025-03-28 11:45:00,SYSTEM_FACE_RECOGNITION,system@facerecognition.local,TUTOR_CHECK_OUT,Aanya Mehta (ID: 8853681),Tutor checked out - Total hours: 2.5h,FACE_RECOGNITION_SYSTEM
2025-03-28 10:30:00,SYSTEM_FACE_RECOGNITION,system@facerecognition.local,TUTOR_CHECK_IN,Meera Nair (ID: 6362733),Tutor checked in - Duration: 3.0h,FACE_RECOGNITION_SYSTEM
2025-03-28 09:15:00,SYSTEM_FACE_RECOGNITION,system@facerecognition.local,TUTOR_CHECK_IN,Aanya Mehta (ID: 8853681),Tutor checked in - Duration: 2.5h,FACE_RECOGNITION_SYSTEM
2025-03-27 14:00:00,SYSTEM_FACE_RECOGNITION,system@facerecognition.local,TUTOR_CHECK_OUT,Avni Desai (ID: 2630571),Tutor checked out - Total hours: 2.5h,FACE_RECOGNITION_SYSTEM
2025-03-27 11:30:00,SYSTEM_FACE_RECOGNITION,system@facerecognition.local,TUTOR_CHECK_IN,Avni Desai (ID: 2630571),Tutor checked in - Duration: 2.5h,FACE_RECOGNITION_SYSTEM
2025-03-26 13:30:00,SYSTEM_FACE_RECOGNITION,system@facerecognition.local,TUTOR_CHECK_OUT,Neha Patel (ID: 2750869),Tutor checked out - Total hours: 2.0h,FACE_RECOGNITION_SYSTEM
2025-03-26 11:30:00,SYSTEM_FACE_RECOGNITION,system@facerecognition.local,TUTOR_CHECK_IN,Neha Patel (ID: 2750869),Tutor checked in - Duration: 2.0h,FACE_RECOGNITION_SYSTEM
2025-03-25 17:30:00,SYSTEM_FACE_RECOGNITION,system@facerecognition.local,TUTOR_CHECK_OUT,Ryan Scott (ID: 7644166),Tutor checked out - Total hours: 3.0h,FACE_RECOGNITION_SYSTEM
2025-03-25 14:30:00,SYSTEM_FACE_RECOGNITION,system@facerecognition.local,TUTOR_CHECK_IN,Ryan Scott (ID: 7644166),Tutor checked in - Duration: 3.0h,FACE_RECOGNITION_SYSTEM
2025-03-25 09:45:00,SYSTEM_FACE_RECOGNITION,system@facerecognition.local,TUTOR_CHECK_OUT,Emily Brown (ID: 2701634),Tutor checked out - Total hours: 1.5h,FACE_RECOGNITION_SYSTEM
2025-03-25 08:15:00,SYSTEM_FACE_RECOGNITION,system@facerecognition.local,TUTOR_CHECK_IN,Emily Brown (ID: 2701634),Tutor checked in - Duration: 1.5h,FACE_RECOGNITION_SYSTEM
2025-03-24 18:45:00,SYSTEM_FACE_RECOGNITION,system@facerecognition.local,TUTOR_CHECK_OUT,Mason Lee (ID: 6664205),Tutor checked out - Total hours: 1.5h,FACE_RECOGNITION_SYSTEM
2025-03-24 17:15:00,SYSTEM_FACE_RECOGNITION,system@facerecognition.local,TUTOR_CHECK_OUT,Avni Desai (ID: 2630571),Tutor checked out - Total hours: 2.0h,FACE_RECOGNITION_SYSTEM
2025-03-24 17:15:00,SYSTEM_FACE_RECOGNITION,system@facerecognition.local,TUTOR_CHECK_IN,Mason Lee (ID: 6664205),Tutor checked in - Duration: 1.5h,FACE_RECOGNITION_SYSTEM
2025-03-24 15:15:00,SYSTEM_FACE_RECOGNITION,system@facerecognition.local,TUTOR_CHECK_IN,Avni Desai (ID: 2630571),Tutor checked in - Duration: 2.0h,FACE_RECOGNITION_SYSTEM
2025-03-24 14:15:00,SYSTEM_FACE_RECOGNITION,system@facerecognition.local,TUTOR_CHECK_OUT,Liam Johnson (ID: 2598056),Tutor checked out - Total hours: 1.5h,FACE_RECOGNITION_SYSTEM
2025-03-24 12:45:00,SYSTEM_FACE_RECOGNITION,system@facerecognition.local,TUTOR_CHECK_IN,Liam Johnson (ID: 2598056),Tutor checked in - Duration: 1.5h,FACE_RECOGNITION_SYSTEM
2025-03-24 10:30:00,SYSTEM_FACE_RECOGNITION,system@facerecognition.local,TUTOR_CHECK_OUT,Noah Wilson (ID: 4146623),Tutor checked out - Total hours: 2.0h,FACE_RECOGNITION_SYSTEM
2025-03-24 10:15:00,SYSTEM_FACE_RECOGNITION,system@facerecognition.local,TUTOR_CHECK_OUT,Aarav Shah (ID: 2425166),Tutor checked out - Total hours: 2.0h,FACE_RECOGNITION_SYSTEM
2025-03-24 08:30:00,SYSTEM_FACE_RECOGNITION,system@facerecognition.local,TUTOR_CHECK_IN,Noah Wilson (ID: 4146623),Tutor checked in - Duration: 2.0h,FACE_RECOGNITION_SYSTEM
2025-03-24 08:15:00,SYSTEM_FACE_RECOGNITION,system@facerecognition.local,TUTOR_CHECK_IN,Aarav Shah (ID: 2425166),Tutor checked in - Duration: 2.0h,FACE_RECOGNITION_SYSTEM
2025-03-23 19:30:00,SYSTEM_FACE_RECOGNITION,system@facerecognition.local,TUTOR_CHECK_OUT,Noah Wilson (ID: 4146623),Tutor checked out - Total hours: 2.5h,FACE_RECOGNITION_SYSTEM
2025-03-23 17:00:00,SYSTEM_FACE_RECOGNITION,system@facerecognition.local,TUTOR_CHECK_IN,Noah Wilson (ID: 4146623),Tutor checked in - Duration: 2.5h,FACE_RECOGNITION_SYSTEM
2025-03-23 16:15:00,SYSTEM_FACE_RECOGNITION,system@facerecognition.local,TUTOR_CHECK_OUT,Avni Desai (ID: 2630571),Tutor checked out - Total hours: 2.0h,FACE_RECOGNITION_SYSTEM
2025-03-23 14:15:00,SYSTEM_FACE_RECOGNITION,system@facerecognition.local,TUTOR_CHECK_IN,Avni Desai (ID: 2630571),Tutor checked in - Duration: 2.0h,FACE_RECOGNITION_SYSTEM
2025-03-22 16:15:00,SYSTEM_FACE_RECOGNITION,system@facerecognition.local,TUTOR_CHECK_OUT,Mason Lee (ID: 6664205),Tutor checked out - Total hours: 1.5h,FACE_RECOGNITION_SYSTEM
2025-03-22 14:45:00,SYSTEM_FACE_RECOGNITION,system@facerecognition.local,TUTOR_CHECK_IN,Mason Lee (ID: 6664205),Tutor checked in - Duration: 1.5h,FACE_RECOGNITION_SYSTEM
2025-03-21 19:30:00,SYSTEM_FACE_RECOGNITION,system@facerecognition.local,TUTOR_CHECK_OUT,Mason Lee (ID: 6664205),Tutor checked out - Total hours: 3.0h,FACE_RECOGNITION_SYSTEM
2025-03-21 16:30:00,SYSTEM_FACE_RECOGNITION,system@facerecognition.local,TUTOR_CHECK_OUT,Meera Nair (ID: 6362733),Tutor checked out - Total hours: 3.0h,FACE_RECOGNITION_SYSTEM
2025-03-21 13:30:00,SYSTEM_FACE_RECOGNITION,system@facerecognition.local,TUTOR_CHECK_IN,Meera Nair (ID: 6362733),Tutor checked in - Duration: 3.0h,FACE_RECOGNITION_SYSTEM
2025-03-20 19:00:00,SYSTEM_FACE_RECOGNITION,system@facerecognition.local,TUTOR_CHECK_OUT,Noah Wilson (ID: 4146623),Tutor checked out - Total hours: 3.0h,FACE_RECOGNITION_SYSTEM
2025-03-20 18:45:00,SYSTEM_FACE_RECOGNITION,system@facerecognition.local,TUTOR_CHECK_OUT,Isha Reddy (ID: 7264805),Tutor checked out - Total hours: 2.5h,FACE_RECOGNITION_SYSTEM
2025-03-20 16:15:00,SYSTEM_FACE_RECOGNITION,system@facerecognition.local,TUTOR_CHECK_IN,Isha Reddy (ID: 7264805),Tutor checked in - Duration: 2.5h,FACE_RECOGNITION_SYSTEM
2025-03-20 16:00:00,SYSTEM_FACE_RECOGNITION,system@facerecognition.local,TUTOR_CHECK_IN,Noah Wilson (ID: 4146623),Tutor checked in - Duration: 3.0h,FACE_RECOGNITION_SYSTEM
2025-03-19 20:00:00,SYSTEM_FACE_RECOGNITION,system@facerecognition.local,TUTOR_CHECK_OUT,Ryan Scott (ID: 7644166),Tutor checked out - Total hours: 3.0h,FACE_RECOGNITION_SYSTEM
2025-03-19 18:15:00,SYSTEM_FACE_RECOGNITION,system@facerecognition.local,TUTOR_CHECK_OUT,Zoya Singh (ID: 9323660),Tutor checked out - Total hours: 2.0h,FACE_RECOGNITION_SYSTEM
2025-03-19 17:00:00,SYSTEM_FACE_RECOGNITION,system@facerecognition.local,TUTOR_CHECK_IN,Ryan Scott (ID: 7644166),Tutor checked in - Duration: 3.0h,FACE_RECOGNITION_SYSTEM
2025-03-19 16:15:00,SYSTEM_FACE_RECOGNITION,system@facerecognition.local,TUTOR_CHECK_IN,Zoya Singh (ID: 9323660),Tutor checked in - Duration: 2.0h,FACE_RECOGNITION_SYSTEM
2025-03-19 12:45:00,SYSTEM_FACE_RECOGNITION,system@facerecognition.local,TUTOR_CHECK_OUT,Meera Nair (ID: 6362733),Tutor checked out - Total hours: 1.5h,FACE_RECOGNITION_SYSTEM
2025-03-19 12:30:00,SYSTEM_FACE_RECOGNITION,system@facerecognition.local,TUTOR_CHECK_OUT,Aarav Shah (ID: 2425166),Tutor checked out - Total hours: 3.0h,FACE_RECOGNITION_SYSTEM
2025-03-19 12:00:00,SYSTEM_FACE_RECOGNITION,system@facerecognition.local,TUTOR_CHECK_OUT,Ryan Scott (ID: 7644166),Tutor checked out - Total hours: 2.0h,FACE_RECOGNITION_SYSTEM
2025-03-19 11:15:00,SYSTEM_FACE_RECOGNITION,system@facerecognition.local,TUTOR_CHECK_IN,Meera Nair (ID: 6362733),Tutor checked in - Duration: 1.5h,FACE_RECOGNITION_SYSTEM
2025-03-19 10:00:00,SYSTEM_FACE_RECOGNITION,system@facerecognition.local,TUTOR_CHECK_IN,Ryan Scott (ID: 7644166),Tutor checked in - Duration: 2.0h,FACE_RECOGNITION_SYSTEM
2025-03-19 09:30:00,SYSTEM_FACE_RECOGNITION,system@facerecognition.local,TUTOR_CHECK_IN,Aarav Shah (ID: 2425166),Tutor checked in - Duration: 3.0h,FACE_RECOGNITION_SYSTEM
2025-03-18 16:30:00,SYSTEM_FACE_RECOGNITION,system@facerecognition.local,TUTOR_CHECK_OUT,Ryan Scott (ID: 7644166),Tutor checked out - Total hours: 2.5h,FACE_RECOGNITION_SYSTEM
2025-03-18 14:00:00,SYSTEM_FACE_RECOGNITION,system@facerecognition.local,TUTOR_CHECK_OUT,Arjun Kapoor (ID: 7916493),Tutor checked out - Total hours: 2.0h,FACE_RECOGNITION_SYSTEM
2025-03-18 12:00:00,SYSTEM_FACE_RECOGNITION,system@facerecognition.local,TUTOR_CHECK_IN,Arjun Kapoor (ID: 7916493),Tutor checked in - Duration: 2.0h,FACE_RECOGNITION_SYSTEM
2025-03-18 10:30:00,SYSTEM_FACE_RECOGNITION,system@facerecognition.local,TUTOR_CHECK_OUT,Saanvi Joshi (ID: 2115580),Tutor checked out - Total hours: 2.5h,FACE_RECOGNITION_SYSTEM
2025-03-18 08:00:00,SYSTEM_FACE_RECOGNITION,system@facerecognition.local,TUTOR_CHECK_IN,Saanvi Joshi (ID: 2115580),Tutor checked in - Duration: 2.5h,FACE_RECOGNITION_SYSTEM
2025-03-17 14:45:00,SYSTEM_FACE_RECOGNITION,system@facerecognition.local,TUTOR_CHECK_OUT,Aarav Shah (ID: 2425166),Tutor checked out - Total hours: 3.0h,FACE_RECOGNITION_SYSTEM
2025-03-17 11:45:00,SYSTEM_FACE_RECOGNITION,system@facerecognition.local,TUTOR_CHECK_IN,Aarav Shah (ID: 2425166),Tutor checked in - Duration: 3.0h,FACE_RECOGNITION_SYSTEM
2025-03-17 10:00:00,SYSTEM_FACE_RECOGNITION,system@facerecognition.local,TUTOR_CHECK_OUT,Mason Lee (ID: 6664205),Tutor checked out - Total hours: 2.0h,FACE_RECOGNITION_SYSTEM
2025-03-17 08:00:00,SYSTEM_FACE_RECOGNITION,system@facerecognition.local,TUTOR_CHECK_IN,Mason Lee (ID: 6664205),Tutor checked in - Duration: 2.0h,FACE_RECOGNITION_SYSTEM
2025-03-16 19:00:00,SYSTEM_FACE_RECOGNITION,system@facerecognition.local,TUTOR_CHECK_OUT,Isabella Davis (ID: 6403246),Tutor checked out - Total hours: 2.5h,FACE_RECOGNITION_SYSTEM
2025-03-16 16:30:00,SYSTEM_FACE_RECOGNITION,system@facerecognition.local,TUTOR_CHECK_IN,Isabella Davis (ID: 6403246),Tutor checked in - Duration: 2.5h,FACE_RECOGNITION_SYSTEM
2025-03-16 15:30:00,SYSTEM_FACE_RECOGNITION,system@facerecognition.local,TUTOR_CHECK_OUT,Emily Brown (ID: 2701634),Tutor checked out - Total hours: 3.0h,FACE_RECOGNITION_SYSTEM
2025-03-16 12:30:00,SYSTEM_FACE_RECOGNITION,system@facerecognition.local,TUTOR_CHECK_IN,Emily Brown (ID: 2701634),Tutor checked in - Duration: 3.0h,FACE_RECOGNITION_SYSTEM
2025-03-14 14:15:00,SYSTEM_FACE_RECOGNITION,system@facerecognition.local,TUTOR_CHECK_OUT,Saanvi Joshi (ID: 2115580),Tutor checked out - Total hours: 1.5h,FACE_RECOGNITION_SYSTEM
2025-03-14 12:45:00,SYSTEM_FACE_RECOGNITION,system@facerecognition.local,TUTOR_CHECK_IN,Saanvi Joshi (ID: 2115580),Tutor checked in - Duration: 1.5h,FACE_RECOGNITION_SYSTEM
2025-03-14 11:00:00,SYSTEM_FACE_RECOGNITION,system@facerecognition.local,TUTOR_CHECK_OUT,Avni Desai (ID: 2630571),Tutor checked out - Total hours: 3.0h,FACE_RECOGNITION_SYSTEM
2025-03-14 08:00:00,SYSTEM_FACE_RECOGNITION,system@facerecognition.local,TUTOR_CHECK_IN,Avni Desai (ID: 2630571),Tutor checked in - Duration: 3.0h,FACE_RECOGNITION_SYSTEM
2025-03-13 18:30:00,SYSTEM_FACE_RECOGNITION,system@facerecognition.local,TUTOR_CHECK_OUT,Anaya Sharma (ID: 6474141),Tutor checked out - Total hours: 3.0h,FACE_RECOGNITION_SYSTEM
2025-03-13 15:30:00,SYSTEM_FACE_RECOGNITION,system@facerecognition.local,TUTOR_CHECK_IN,Anaya Sharma (ID: 6474141),Tutor checked in - Duration: 3.0h,FACE_RECOGNITION_SYSTEM
2025-03-12 18:15:00,SYSTEM_FACE_RECOGNITION,system@facerecognition.local,TUTOR_CHECK_OUT,Meera Nair (ID: 6362733),Tutor checked out - Total hours: 2.5h,FACE_RECOGNITION_SYSTEM
2025-03-12 15:45:00,SYSTEM_FACE_RECOGNITION,system@facerecognition.local,TUTOR_CHECK_OUT,Liam Johnson (ID: 2598056),Tutor checked out - Total hours: 2.0h,FACE_RECOGNITION_SYSTEM
2025-03-12 15:45:00,SYSTEM_FACE_RECOGNITION,system@facerecognition.local,TUTOR_CHECK_IN,Meera Nair (ID: 6362733),Tutor checked in - Duration: 2.5h,FACE_RECOGNITION_SYSTEM
2025-03-12 14:15:00,SYSTEM_FACE_RECOGNITION,system@facerecognition.local,TUTOR_CHECK_OUT,Neha Patel (ID: 2750869),Tutor checked out - Total hours: 2.0h,FACE_RECOGNITION_SYSTEM
2025-03-12 13:45:00,SYSTEM_FACE_RECOGNITION,system@facerecognition.local,TUTOR_CHECK_IN,Liam Johnson (ID: 2598056),Tutor checked in - Duration: 2.0h,FACE_RECOGNITION_SYSTEM
2025-03-12 13:30:00,SYSTEM_FACE_RECOGNITION,system@facerecognition.local,TUTOR_CHECK_OUT,Neha Patel (ID: 2750869),Tutor checked out - Total hours: 2.0h,FACE_RECOGNITION_SYSTEM
2025-03-12 12:15:00,SYSTEM_FACE_RECOGNITION,system@facerecognition.local,TUTOR_CHECK_IN,Neha Patel (ID: 2750869),Tutor checked in - Duration: 2.0h,FACE_RECOGNITION_SYSTEM
2025-03-12 11:30:00,SYSTEM_FACE_RECOGNITION,system@facerecognition.local,TUTOR_CHECK_IN,Neha Patel (ID: 2750869),Tutor checked in - Duration: 2.0h,FACE_RECOGNITION_SYSTEM
2025-03-11 15:15:00,SYSTEM_FACE_RECOGNITION,system@facerecognition.local,TUTOR_CHECK_OUT,Lucas Moore (ID: 6887917),Tutor checked out - Total hours: 2.5h,FACE_RECOGNITION_SYSTEM
2025-03-11 12:45:00,SYSTEM_FACE_RECOGNITION,system@facerecognition.local,TUTOR_CHECK_IN,Lucas Moore (ID: 6887917),Tutor checked in - Duration: 2.5h,FACE_RECOGNITION_SYSTEM
2025-03-11 11:30:00,SYSTEM_FACE_RECOGNITION,system@facerecognition.local,TUTOR_CHECK_OUT,Vivaan Kumar (ID: 7134699),Tutor checked out - Total hours: 3.0h,FACE_RECOGNITION_SYSTEM
2025-03-11 08:30:00,SYSTEM_FACE_RECOGNITION,system@facerecognition.local,TUTOR_CHECK_IN,Vivaan Kumar (ID: 7134699),Tutor checked in - Duration: 3.0h,FACE_RECOGNITION_SYSTEM
2025-03-10 17:30:00,SYSTEM_FACE_RECOGNITION,system@facerecognition.local,TUTOR_CHECK_OUT,Saanvi Joshi (ID: 2115580),Tutor checked out - Total hours: 1.5h,FACE_RECOGNITION_SYSTEM
2025-03-10 16:15:00,SYSTEM_FACE_RECOGNITION,system@facerecognition.local,TUTOR_CHECK_OUT,Liam Johnson (ID: 2598056),Tutor checked out - Total hours: 3.0h,FACE_RECOGNITION_SYSTEM
2025-03-10 16:00:00,SYSTEM_FACE_RECOGNITION,system@facerecognition.local,TUTOR_CHECK_IN,Saanvi Joshi (ID: 2115580),Tutor checked in - Duration: 1.5h,FACE_RECOGNITION_SYSTEM
2025-03-10 13:15:00,SYSTEM_FACE_RECOGNITION,system@facerecognition.local,TUTOR_CHECK_IN,Liam Johnson (ID: 2598056),Tutor checked in - Duration: 3.0h,FACE_RECOGNITION_SYSTEM
2025-03-09 11:15:00,SYSTEM_FACE_RECOGNITION,system@facerecognition.local,TUTOR_CHECK_OUT,Aarav Shah (ID: 2425166),Tutor checked out - Total hours: 1.5h,FACE_RECOGNITION_SYSTEM
2025-03-09 11:00:00,SYSTEM_FACE_RECOGNITION,system@facerecognition.local,TUTOR_CHECK_OUT,Lucas Moore (ID: 6887917),Tutor checked out - Total hours: 1.5h,FACE_RECOGNITION_SYSTEM
2025-03-09 09:45:00,SYSTEM_FACE_RECOGNITION,system@facerecognition.local,TUTOR_CHECK_IN,Aarav Shah (ID: 2425166),Tutor checked in - Duration: 1.5h,FACE_RECOGNITION_SYSTEM
2025-03-09 09:30:00,SYSTEM_FACE_RECOGNITION,system@facerecognition.local,TUTOR_CHECK_IN,Lucas Moore (ID: 6887917),Tutor checked in - Duration: 1.5h,FACE_RECOGNITION_SYSTEM
2025-03-08 17:00:00,SYSTEM_FACE_RECOGNITION,system@facerecognition.local,TUTOR_CHECK_OUT,Zoya Singh (ID: 9323660),Tutor checked out - Total hours: 3.0h,FACE_RECOGNITION_SYSTEM
2025-03-08 15:15:00,SYSTEM_FACE_RECOGNITION,system@facerecognition.local,TUTOR_CHECK_OUT,Saanvi Joshi (ID: 2115580),Tutor checked out - Total hours: 2.5h,FACE_RECOGNITION_SYSTEM
2025-03-08 14:00:00,SYSTEM_FACE_RECOGNITION,system@facerecognition.local,TUTOR_CHECK_IN,Zoya Singh (ID: 9323660),Tutor checked in - Duration: 3.0h,FACE_RECOGNITION_SYSTEM
2025-03-08 12:45:00,SYSTEM_FACE_RECOGNITION,system@facerecognition.local,TUTOR_CHECK_IN,Saanvi Joshi (ID: 2115580),Tutor checked in - Duration: 2.5h,FACE_RECOGNITION_SYSTEM
2025-03-07 17:15:00,SYSTEM_FACE_RECOGNITION,system@facerecognition.local,TUTOR_CHECK_OUT,Ryan Scott (ID: 7644166),Tutor checked out - Total hours: 1.5h,FACE_RECOGNITION_SYSTEM
2025-03-07 15:45:00,SYSTEM_FACE_RECOGNITION,system@facerecognition.local,TUTOR_CHECK_IN,Ryan Scott (ID: 7644166),Tutor checked in - Duration: 1.5h,FACE_RECOGNITION_SYSTEM
2025-03-07 13:45:00,SYSTEM_FACE_RECOGNITION,system@facerecognition.local,TUTOR_CHECK_OUT,Benjamin Lewis (ID: 3534553),Tutor checked out - Total hours: 2.0h,FACE_RECOGNITION_SYSTEM
2025-03-07 11:45:00,SYSTEM_FACE_RECOGNITION,system@facerecognition.local,TUTOR_CHECK_IN,Benjamin Lewis (ID: 3534553),Tutor checked in - Duration: 2.0h,FACE_RECOGNITION_SYSTEM
2025-03-05 15:15:00,SYSTEM_FACE_RECOGNITION,system@facerecognition.local,TUTOR_CHECK_OUT,Emily Brown (ID: 2701634),Tutor checked out - Total hours: 2.0h,FACE_RECOGNITION_SYSTEM
2025-03-05 15:00:00,SYSTEM_FACE_RECOGNITION,system@facerecognition.local,TUTOR_CHECK_OUT,Aarav Shah (ID: 2425166),Tutor checked out - Total hours: 2.5h,FACE_RECOGNITION_SYSTEM
2025-03-05 14:00:00,SYSTEM_FACE_RECOGNITION,system@facerecognition.local,TUTOR_CHECK_OUT,Saanvi Joshi (ID: 2115580),Tutor checked out - Total hours: 2.0h,FACE_RECOGNITION_SYSTEM
2025-03-05 13:15:00,SYSTEM_FACE_RECOGNITION,system@facerecognition.local,TUTOR_CHECK_IN,Emily Brown (ID: 2701634),Tutor checked in - Duration: 2.0h,FACE_RECOGNITION_SYSTEM
2025-03-05 12:30:00,SYSTEM_FACE_RECOGNITION,system@facerecognition.local,TUTOR_CHECK_IN,Aarav Shah (ID: 2425166),Tutor checked in - Duration: 2.5h,FACE_RECOGNITION_SYSTEM
2025-03-05 12:00:00,SYSTEM_FACE_RECOGNITION,system@facerecognition.local,TUTOR_CHECK_IN,Saanvi Joshi (ID: 2115580),Tutor checked in - Duration: 2.0h,FACE_RECOGNITION_SYSTEM
2025-03-04 16:15:00,SYSTEM_FACE_RECOGNITION,system@facerecognition.local,TUTOR_CHECK_OUT,Noah Wilson (ID: 4146623),Tutor checked out - Total hours: 1.5h,FACE_RECOGNITION_SYSTEM
2025-03-04 14:45:00,SYSTEM_FACE_RECOGNITION,system@facerecognition.local,TUTOR_CHECK_IN,Noah Wilson (ID: 4146623),Tutor checked in - Duration: 1.5h,FACE_RECOGNITION_SYSTEM
2025-03-04 12:00:00,SYSTEM_FACE_RECOGNITION,system@facerecognition.local,TUTOR_CHECK_OUT,Arjun Kapoor (ID: 7916493),Tutor checked out - Total hours: 3.0h,FACE_RECOGNITION_SYSTEM
2025-03-04 09:00:00,SYSTEM_FACE_RECOGNITION,system@facerecognition.local,TUTOR_CHECK_IN,Arjun Kapoor (ID: 7916493),Tutor checked in - Duration: 3.0h,FACE_RECOGNITION_SYSTEM
2025-02-27 18:30:00,SYSTEM_FACE_RECOGNITION,system@facerecognition.local,TUTOR_CHECK_OUT,Aanya Mehta (ID: 8853681),Tutor checked out - Total hours: 1.5h,FACE_RECOGNITION_SYSTEM
2025-02-27 17:00:00,SYSTEM_FACE_RECOGNITION,system@facerecognition.local,TUTOR_CHECK_IN,Aanya Mehta (ID: 8853681),Tutor checked in - Duration: 1.5h,FACE_RECOGNITION_SYSTEM
2025-02-26 20:00:00,SYSTEM_FACE_RECOGNITION,system@facerecognition.local,TUTOR_CHECK_OUT,Aarav Shah (ID: 2425166),Tutor checked out - Total hours: 3.0h,FACE_RECOGNITION_SYSTEM
2025-02-26 19:45:00,SYSTEM_FACE_RECOGNITION,system@facerecognition.local,TUTOR_CHECK_OUT,Emily Brown (ID: 2701634),Tutor checked out - Total hours: 2.0h,FACE_RECOGNITION_SYSTEM
2025-02-26 17:45:00,SYSTEM_FACE_RECOGNITION,system@facerecognition.local,TUTOR_CHECK_IN,Emily Brown (ID: 2701634),Tutor checked in - Duration: 2.0h,FACE_RECOGNITION_SYSTEM
2025-02-26 17:00:00,SYSTEM_FACE_RECOGNITION,system@facerecognition.local,TUTOR_CHECK_IN,Aarav Shah (ID: 2425166),Tutor checked in - Duration: 3.0h,FACE_RECOGNITION_SYSTEM
2025-02-25 16:15:00,SYSTEM_FACE_RECOGNITION,system@facerecognition.local,TUTOR_CHECK_OUT,Liam Johnson (ID: 2598056),Tutor checked out - Total hours: 2.5h,FACE_RECOGNITION_SYSTEM
2025-02-25 13:45:00,SYSTEM_FACE_RECOGNITION,system@facerecognition.local,TUTOR_CHECK_IN,Liam Johnson (ID: 2598056),Tutor checked in - Duration: 2.5h,FACE_RECOGNITION_SYSTEM
2025-02-25 13:00:00,SYSTEM_FACE_RECOGNITION,system@facerecognition.local,TUTOR_CHECK_OUT,Arjun Kapoor (ID: 7916493),Tutor checked out - Total hours: 1.5h,FACE_RECOGNITION_SYSTEM
2025-02-25 12:45:00,SYSTEM_FACE_RECOGNITION,system@facerecognition.local,TUTOR_CHECK_OUT,Isabella Davis (ID: 6403246),Tutor checked out - Total hours: 2.0h,FACE_RECOGNITION_SYSTEM
2025-02-25 11:30:00,SYSTEM_FACE_RECOGNITION,system@facerecognition.local,TUTOR_CHECK_IN,Arjun Kapoor (ID: 7916493),Tutor checked in - Duration: 1.5h,FACE_RECOGNITION_SYSTEM
2025-02-25 11:00:00,SYSTEM_FACE_RECOGNITION,system@facerecognition.local,TUTOR_CHECK_OUT,Neha Patel (ID: 2750869),Tutor checked out - Total hours: 3.0h,FACE_RECOGNITION_SYSTEM
2025-02-25 10:45:00,SYSTEM_FACE_RECOGNITION,system@facerecognition.local,TUTOR_CHECK_IN,Isabella Davis (ID: 6403246),Tutor checked in - Duration: 2.0h,FACE_RECOGNITION_SYSTEM
2025-02-25 08:00:00,SYSTEM_FACE_RECOGNITION,system@facerecognition.local,TUTOR_CHECK_IN,Neha Patel (ID: 2750869),Tutor checked in - Duration: 3.0h,FACE_RECOGNITION_SYSTEM
2025-02-24 18:15:00,SYSTEM_FACE_RECOGNITION,system@facerecognition.local,TUTOR_CHECK_OUT,Liam Johnson (ID: 2598056),Tutor checked out - Total hours: 2.0h,FACE_RECOGNITION_SYSTEM
2025-02-24 16:15:00,SYSTEM_FACE_RECOGNITION,system@facerecognition.local,TUTOR_CHECK_IN,Liam Johnson (ID: 2598056),Tutor checked in - Duration: 2.0h,FACE_RECOGNITION_SYSTEM
2025-02-24 15:00:00,SYSTEM_FACE_RECOGNITION,system@facerecognition.local,TUTOR_CHECK_OUT,Ryan Scott (ID: 7644166),Tutor checked out - Total hours: 2.0h,FACE_RECOGNITION_SYSTEM
2025-02-24 13:00:00,SYSTEM_FACE_RECOGNITION,system@facerecognition.local,TUTOR_CHECK_IN,Ryan Scott (ID: 7644166),Tutor checked in - Duration: 2.0h,FACE_RECOGNITION_SYSTEM
2025-02-24 12:30:00,SYSTEM_FACE_RECOGNITION,system@facerecognition.local,TUTOR_CHECK_OUT,Isabella Davis (ID: 6403246),Tutor checked out - Total hours: 3.0h,FACE_RECOGNITION_SYSTEM
2025-02-24 09:30:00,SYSTEM_FACE_RECOGNITION,system@facerecognition.local,TUTOR_CHECK_IN,Isabella Davis (ID: 6403246),Tutor checked in - Duration: 3.0h,FACE_RECOGNITION_SYSTEM
2025-02-23 20:15:00,SYSTEM_FACE_RECOGNITION,system@facerecognition.local,TUTOR_CHECK_OUT,Liam Johnson (ID: 2598056),Tutor checked out - Total hours: 3.0h,FACE_RECOGNITION_SYSTEM
2025-02-23 17:15:00,SYSTEM_FACE_RECOGNITION,system@facerecognition.local,TUTOR_CHECK_IN,Liam Johnson (ID: 2598056),Tutor checked in - Duration: 3.0h,FACE_RECOGNITION_SYSTEM
2025-02-23 12:45:00,SYSTEM_FACE_RECOGNITION,system@facerecognition.local,TUTOR_CHECK_OUT,Avni Desai (ID: 2630571),Tutor checked out - Total hours: 2.5h,FACE_RECOGNITION_SYSTEM
2025-02-23 10:45:00,SYSTEM_FACE_RECOGNITION,system@facerecognition.local,TUTOR_CHECK_OUT,Ryan Scott (ID: 7644166),Tutor checked out - Total hours: 2.5h,FACE_RECOGNITION_SYSTEM
2025-02-23 10:15:00,SYSTEM_FACE_RECOGNITION,system@facerecognition.local,TUTOR_CHECK_IN,Avni Desai (ID: 2630571),Tutor checked in - Duration: 2.5h,FACE_RECOGNITION_SYSTEM
2025-02-23 08:15:00,SYSTEM_FACE_RECOGNITION,system@facerecognition.local,TUTOR_CHECK_IN,Ryan Scott (ID: 7644166),Tutor checked in - Duration: 2.5h,FACE_RECOGNITION_SYSTEM
2025-02-22 15:00:00,SYSTEM_FACE_RECOGNITION,system@facerecognition.local,TUTOR_CHECK_OUT,Liam Johnson (ID: 2598056),Tutor checked out - Total hours: 3.0h,FACE_RECOGNITION_SYSTEM
2025-02-22 12:00:00,SYSTEM_FACE_RECOGNITION,system@facerecognition.local,TUTOR_CHECK_IN,Liam Johnson (ID: 2598056),Tutor checked in - Duration: 3.0h,FACE_RECOGNITION_SYSTEM
2025-02-22 09:30:00,SYSTEM_FACE_RECOGNITION,system@facerecognition.local,TUTOR_CHECK_OUT,Meera Nair (ID: 6362733),Tutor checked out - Total hours: 1.5h,FACE_RECOGNITION_SYSTEM
2025-02-22 08:00:00,SYSTEM_FACE_RECOGNITION,system@facerecognition.local,TUTOR_CHECK_IN,Meera Nair (ID: 6362733),Tutor checked in - Duration: 1.5h,FACE_RECOGNITION_SYSTEM
2025-02-19 13:45:00,SYSTEM_FACE_RECOGNITION,system@facerecognition.local,TUTOR_CHECK_OUT,Ryan Scott (ID: 7644166),Tutor checked out - Total hours: 1.5h,FACE_RECOGNITION_SYSTEM
2025-02-19 13:00:00,SYSTEM_FACE_RECOGNITION,system@facerecognition.local,TUTOR_CHECK_OUT,Meera Nair (ID: 6362733),Tutor checked out - Total hours: 2.0h,FACE_RECOGNITION_SYSTEM
2025-02-19 12:30:00,SYSTEM_FACE_RECOGNITION,system@facerecognition.local,TUTOR_CHECK_OUT,Liam Johnson (ID: 2598056),Tutor checked out - Total hours: 2.5h,FACE_RECOGNITION_SYSTEM
2025-02-19 12:15:00,SYSTEM_FACE_RECOGNITION,system@facerecognition.local,TUTOR_CHECK_IN,Ryan Scott (ID: 7644166),Tutor checked in - Duration: 1.5h,FACE_RECOGNITION_SYSTEM
2025-02-19 11:30:00,SYSTEM_FACE_RECOGNITION,system@facerecognition.local,TUTOR_CHECK_OUT,Neha Patel (ID: 2750869),Tutor checked out - Total hours: 2.0h,FACE_RECOGNITION_SYSTEM
2025-02-19 11:00:00,SYSTEM_FACE_RECOGNITION,system@facerecognition.local,TUTOR_CHECK_IN,Meera Nair (ID: 6362733),Tutor checked in - Duration: 2.0h,FACE_RECOGNITION_SYSTEM
2025-02-19 10:00:00,SYSTEM_FACE_RECOGNITION,system@facerecognition.local,TUTOR_CHECK_IN,Liam Johnson (ID: 2598056),Tutor checked in - Duration: 2.5h,FACE_RECOGNITION_SYSTEM
2025-02-19 09:30:00,SYSTEM_FACE_RECOGNITION,system@facerecognition.local,TUTOR_CHECK_IN,Neha Patel (ID: 2750869),Tutor checked in - Duration: 2.0h,FACE_RECOGNITION_SYSTEM
2025-02-15 16:15:00,SYSTEM_FACE_RECOGNITION,system@facerecognition.local,TUTOR_CHECK_OUT,Saanvi Joshi (ID: 2115580),Tutor checked out - Total hours: 1.5h,FACE_RECOGNITION_SYSTEM
2025-02-15 14:45:00,SYSTEM_FACE_RECOGNITION,system@facerecognition.local,TUTOR_CHECK_IN,Saanvi Joshi (ID: 2115580),Tutor checked in - Duration: 1.5h,FACE_RECOGNITION_SYSTEM
2025-02-12 15:15:00,SYSTEM_FACE_RECOGNITION,system@facerecognition.local,TUTOR_CHECK_OUT,Vivaan Kumar (ID: 7134699),Tutor checked out - Total hours: 2.0h,FACE_RECOGNITION_SYSTEM
2025-02-12 13:15:00,SYSTEM_FACE_RECOGNITION,system@facerecognition.local,TUTOR_CHECK_IN,Vivaan Kumar (ID: 7134699),Tutor checked in - Duration: 2.0h,FACE_RECOGNITION_SYSTEM
2025-02-11 15:00:00,SYSTEM_FACE_RECOGNITION,system@facerecognition.local,TUTOR_CHECK_OUT,Emily Brown (ID: 2701634),Tutor checked out - Total hours: 3.0h,FACE_RECOGNITION_SYSTEM
2025-02-11 12:00:00,SYSTEM_FACE_RECOGNITION,system@facerecognition.local,TUTOR_CHECK_IN,Emily Brown (ID: 2701634),Tutor checked in - Duration: 3.0h,FACE_RECOGNITION_SYSTEM
2025-02-11 12:00:00,SYSTEM_FACE_RECOGNITION,system@facerecognition.local,TUTOR_CHECK_OUT,Aanya Mehta (ID: 8853681),Tutor checked out - Total hours: 2.5h,FACE_RECOGNITION_SYSTEM
2025-02-11 09:30:00,SYSTEM_FACE_RECOGNITION,system@facerecognition.local,TUTOR_CHECK_IN,Aanya Mehta (ID: 8853681),Tutor checked in - Duration: 2.5h,FACE_RECOGNITION_SYSTEM
2025-02-10 11:15:00,SYSTEM_FACE_RECOGNITION,system@facerecognition.local,TUTOR_CHECK_OUT,Isabella Davis (ID: 6403246),Tutor checked out - Total hours: 3.0h,FACE_RECOGNITION_SYSTEM
2025-02-10 08:15:00,SYSTEM_FACE_RECOGNITION,system@facerecognition.local,TUTOR_CHECK_IN,Isabella Davis (ID: 6403246),Tutor checked in - Duration: 3.0h,FACE_RECOGNITION_SYSTEM
2025-02-09 19:15:00,SYSTEM_FACE_RECOGNITION,system@facerecognition.local,TUTOR_CHECK_OUT,Aanya Mehta (ID: 8853681),Tutor checked out - Total hours: 1.5h,FACE_RECOGNITION_SYSTEM
2025-02-09 17:45:00,SYSTEM_FACE_RECOGNITION,system@facerecognition.local,TUTOR_CHECK_IN,Aanya Mehta (ID: 8853681),Tutor checked in - Duration: 1.5h,FACE_RECOGNITION_SYSTEM
2025-02-09 17:15:00,SYSTEM_FACE_RECOGNITION,system@facerecognition.local,TUTOR_CHECK_OUT,Noah Wilson (ID: 4146623),Tutor checked out - Total hours: 2.0h,FACE_RECOGNITION_SYSTEM
2025-02-09 16:45:00,SYSTEM_FACE_RECOGNITION,system@facerecognition.local,TUTOR_CHECK_OUT,Noah Wilson (ID: 4146623),Tutor checked out - Total hours: 2.0h,FACE_RECOGNITION_SYSTEM
2025-02-09 15:15:00,SYSTEM_FACE_RECOGNITION,system@facerecognition.local,TUTOR_CHECK_IN,Noah Wilson (ID: 4146623),Tutor checked in - Duration: 2.0h,FACE_RECOGNITION_SYSTEM
2025-02-09 14:45:00,SYSTEM_FACE_RECOGNITION,system@facerecognition.local,TUTOR_CHECK_IN,Noah Wilson (ID: 4146623),Tutor checked in - Duration: 2.0h,FACE_RECOGNITION_SYSTEM
2025-02-08 16:45:00,SYSTEM_FACE_RECOGNITION,system@facerecognition.local,TUTOR_CHECK_OUT,Saanvi Joshi (ID: 2115580),Tutor checked out - Total hours: 1.5h,FACE_RECOGNITION_SYSTEM
2025-02-08 15:15:00,SYSTEM_FACE_RECOGNITION,system@facerecognition.local,TUTOR_CHECK_IN,Saanvi Joshi (ID: 2115580),Tutor checked in - Duration: 1.5h,FACE_RECOGNITION_SYSTEM
2025-02-07 13:30:00,SYSTEM_FACE_RECOGNITION,system@facerecognition.local,TUTOR_CHECK_OUT,Meera Nair (ID: 6362733),Tutor checked out - Total hours: 3.0h,FACE_RECOGNITION_SYSTEM
2025-02-07 11:45:00,SYSTEM_FACE_RECOGNITION,system@facerecognition.local,TUTOR_CHECK_OUT,Aanya Mehta (ID: 8853681),Tutor checked out - Total hours: 2.5h,FACE_RECOGNITION_SYSTEM
2025-02-07 10:30:00,SYSTEM_FACE_RECOGNITION,system@facerecognition.local,TUTOR_CHECK_IN,Meera Nair (ID: 6362733),Tutor checked in - Duration: 3.0h,FACE_RECOGNITION_SYSTEM
2025-02-07 09:15:00,SYSTEM_FACE_RECOGNITION,system@facerecognition.local,TUTOR_CHECK_IN,Aanya Mehta (ID: 8853681),Tutor checked in - Duration: 2.5h,FACE_RECOGNITION_SYSTEM
2025-02-06 14:00:00,SYSTEM_FACE_RECOGNITION,system@facerecognition.local,TUTOR_CHECK_OUT,Avni Desai (ID: 2630571),Tutor checked out - Total hours: 2.5h,FACE_RECOGNITION_SYSTEM
2025-02-06 11:30:00,SYSTEM_FACE_RECOGNITION,system@facerecognition.local,TUTOR_CHECK_IN,Avni Desai (ID: 2630571),Tutor checked in - Duration: 2.5h,FACE_RECOGNITION_SYSTEM
2025-02-05 13:30:00,SYSTEM_FACE_RECOGNITION,system@facerecognition.local,TUTOR_CHECK_OUT,Neha Patel (ID: 2750869),Tutor checked out - Total hours: 2.0h,FACE_RECOGNITION_SYSTEM
2025-02-05 11:30:00,SYSTEM_FACE_RECOGNITION,system@facerecognition.local,TUTOR_CHECK_IN,Neha Patel (ID: 2750869),Tutor checked in - Duration: 2.0h,FACE_RECOGNITION_SYSTEM
2025-02-04 17:30:00,SYSTEM_FACE_RECOGNITION,system@facerecognition.local,TUTOR_CHECK_OUT,Ryan Scott (ID: 7644166),Tutor checked out - Total hours: 3.0h,FACE_RECOGNITION_SYSTEM
2025-02-04 14:30:00,SYSTEM_FACE_RECOGNITION,system@facerecognition.local,TUTOR_CHECK_IN,Ryan Scott (ID: 7644166),Tutor checked in - Duration: 3.0h,FACE_RECOGNITION_SYSTEM
2025-02-04 09:45:00,SYSTEM_FACE_RECOGNITION,system@facerecognition.local,TUTOR_CHECK_OUT,Emily Brown (ID: 2701634),Tutor checked out - Total hours: 1.5h,FACE_RECOGNITION_SYSTEM
2025-02-04 08:15:00,SYSTEM_FACE_RECOGNITION,system@facerecognition.local,TUTOR_CHECK_IN,Emily Brown (ID: 2701634),Tutor checked in - Duration: 1.5h,FACE_RECOGNITION_SYSTEM
2025-02-03 18:45:00,SYSTEM_FACE_RECOGNITION,system@facerecognition.local,TUTOR_CHECK_OUT,Mason Lee (ID: 6664205),Tutor checked out - Total hours: 1.5h,FACE_RECOGNITION_SYSTEM
2025-02-03 17:15:00,SYSTEM_FACE_RECOGNITION,system@facerecognition.local,TUTOR_CHECK_IN,Mason Lee (ID: 6664205),Tutor checked in - Duration: 1.5h,FACE_RECOGNITION_SYSTEM
2025-02-03 17:15:00,SYSTEM_FACE_RECOGNITION,system@facerecognition.local,TUTOR_CHECK_OUT,Avni Desai (ID: 2630571),Tutor checked out - Total hours: 2.0h,FACE_RECOGNITION_SYSTEM
2025-02-03 15:15:00,SYSTEM_FACE_RECOGNITION,system@facerecognition.local,TUTOR_CHECK_IN,Avni Desai (ID: 2630571),Tutor checked in - Duration: 2.0h,FACE_RECOGNITION_SYSTEM
2025-02-03 10:15:00,SYSTEM_FACE_RECOGNITION,system@facerecognition.local,TUTOR_CHECK_OUT,Aarav Shah (ID: 2425166),Tutor checked out - Total hours: 2.0h,FACE_RECOGNITION_SYSTEM
2025-02-03 08:15:00,SYSTEM_FACE_RECOGNITION,system@facerecognition.local,TUTOR_CHECK_IN,Aarav Shah (ID: 2425166),Tutor checked in - Duration: 2.0h,FACE_RECOGNITION_SYSTEM
2025-02-02 19:30:00,SYSTEM_FACE_RECOGNITION,system@facerecognition.local,TUTOR_CHECK_OUT,Noah Wilson (ID: 4146623),Tutor checked out - Total hours: 2.5h,FACE_RECOGNITION_SYSTEM
2025-02-02 17:00:00,SYSTEM_FACE_RECOGNITION,system@facerecognition.local,TUTOR_CHECK_IN,Noah Wilson (ID: 4146623),Tutor checked in - Duration: 2.5h,FACE_RECOGNITION_SYSTEM
2025-01-31 19:30:00,SYSTEM_FACE_RECOGNITION,system@facerecognition.local,TUTOR_CHECK_OUT,Mason Lee (ID: 6664205),Tutor checked out - Total hours: 3.0h,FACE_RECOGNITION_SYSTEM
2025-01-31 16:30:00,SYSTEM_FACE_RECOGNITION,system@facerecognition.local,TUTOR_CHECK_IN,Mason Lee (ID: 6664205),Tutor checked in - Duration: 3.0h,FACE_RECOGNITION_SYSTEM
2025-01-30 19:00:00,SYSTEM_FACE_RECOGNITION,system@facerecognition.local,TUTOR_CHECK_OUT,Noah Wilson (ID: 4146623),Tutor checked out - Total hours: 3.0h,FACE_RECOGNITION_SYSTEM
2025-01-30 18:45:00,SYSTEM_FACE_RECOGNITION,system@facerecognition.local,TUTOR_CHECK_OUT,Isha Reddy (ID: 7264805),Tutor checked out - Total hours: 2.5h,FACE_RECOGNITION_SYSTEM
2025-01-30 16:15:00,SYSTEM_FACE_RECOGNITION,system@facerecognition.local,TUTOR_CHECK_IN,Isha Reddy (ID: 7264805),Tutor checked in - Duration: 2.5h,FACE_RECOGNITION_SYSTEM
2025-01-30 16:00:00,SYSTEM_FACE_RECOGNITION,system@facerecognition.local,TUTOR_CHECK_IN,Noah Wilson (ID: 4146623),Tutor checked in - Duration: 3.0h,FACE_RECOGNITION_SYSTEM
2025-01-29 12:45:00,SYSTEM_FACE_RECOGNITION,system@facerecognition.local,TUTOR_CHECK_OUT,Meera Nair (ID: 6362733),Tutor checked out - Total hours: 1.5h,FACE_RECOGNITION_SYSTEM
2025-01-29 12:30:00,SYSTEM_FACE_RECOGNITION,system@facerecognition.local,TUTOR_CHECK_OUT,Aarav Shah (ID: 2425166),Tutor checked out - Total hours: 3.0h,FACE_RECOGNITION_SYSTEM
2025-01-29 11:15:00,SYSTEM_FACE_RECOGNITION,system@facerecognition.local,TUTOR_CHECK_IN,Meera Nair (ID: 6362733),Tutor checked in - Duration: 1.5h,FACE_RECOGNITION_SYSTEM
2025-01-29 09:30:00,SYSTEM_FACE_RECOGNITION,system@facerecognition.local,TUTOR_CHECK_IN,Aarav Shah (ID: 2425166),Tutor checked in - Duration: 3.0h,FACE_RECOGNITION_SYSTEM
2025-01-28 16:30:00,SYSTEM_FACE_RECOGNITION,system@facerecognition.local,TUTOR_CHECK_OUT,Ryan Scott (ID: 7644166),Tutor checked out - Total hours: 2.5h,FACE_RECOGNITION_SYSTEM
2025-01-28 14:00:00,SYSTEM_FACE_RECOGNITION,system@facerecognition.local,TUTOR_CHECK_IN,Ryan Scott (ID: 7644166),Tutor checked in - Duration: 2.5h,FACE_RECOGNITION_SYSTEM
2025-01-27 14:45:00,SYSTEM_FACE_RECOGNITION,system@facerecognition.local,TUTOR_CHECK_OUT,Aarav Shah (ID: 2425166),Tutor checked out - Total hours: 3.0h,FACE_RECOGNITION_SYSTEM
2025-01-27 11:45:00,SYSTEM_FACE_RECOGNITION,system@facerecognition.local,TUTOR_CHECK_IN,Aarav Shah (ID: 2425166),Tutor checked in - Duration: 3.0h,FACE_RECOGNITION_SYSTEM
2025-01-27 10:00:00,SYSTEM_FACE_RECOGNITION,system@facerecognition.local,TUTOR_CHECK_OUT,Mason Lee (ID: 6664205),Tutor checked out - Total hours: 2.0h,FACE_RECOGNITION_SYSTEM
2025-01-27 08:00:00,SYSTEM_FACE_RECOGNITION,system@facerecognition.local,TUTOR_CHECK_IN,Mason Lee (ID: 6664205),Tutor checked in - Duration: 2.0h,FACE_RECOGNITION_SYSTEM
2025-01-26 15:30:00,SYSTEM_FACE_RECOGNITION,system@facerecognition.local,TUTOR_CHECK_OUT,Emily Brown (ID: 2701634),Tutor checked out - Total hours: 3.0h,FACE_RECOGNITION_SYSTEM
2025-01-26 12:30:00,SYSTEM_FACE_RECOGNITION,system@facerecognition.local,TUTOR_CHECK_IN,Emily Brown (ID: 2701634),Tutor checked in - Duration: 3.0h,FACE_RECOGNITION_SYSTEM
2025-01-23 18:30:00,SYSTEM_FACE_RECOGNITION,system@facerecognition.local,TUTOR_CHECK_OUT,Anaya Sharma (ID: 6474141),Tutor checked out - Total hours: 3.0h,FACE_RECOGNITION_SYSTEM
2025-01-23 15:30:00,SYSTEM_FACE_RECOGNITION,system@facerecognition.local,TUTOR_CHECK_IN,Anaya Sharma (ID: 6474141),Tutor checked in - Duration: 3.0h,FACE_RECOGNITION_SYSTEM
2025-01-22 18:15:00,SYSTEM_FACE_RECOGNITION,system@facerecognition.local,TUTOR_CHECK_OUT,Meera Nair (ID: 6362733),Tutor checked out - Total hours: 2.5h,FACE_RECOGNITION_SYSTEM
2025-01-22 15:45:00,SYSTEM_FACE_RECOGNITION,system@facerecognition.local,TUTOR_CHECK_IN,Meera Nair (ID: 6362733),Tutor checked in - Duration: 2.5h,FACE_RECOGNITION_SYSTEM
2025-01-22 15:45:00,SYSTEM_FACE_RECOGNITION,system@facerecognition.local,TUTOR_CHECK_OUT,Liam Johnson (ID: 2598056),Tutor checked out - Total hours: 2.0h,FACE_RECOGNITION_SYSTEM
2025-01-22 14:15:00,SYSTEM_FACE_RECOGNITION,system@facerecognition.local,TUTOR_CHECK_OUT,Neha Patel (ID: 2750869),Tutor checked out - Total hours: 2.0h,FACE_RECOGNITION_SYSTEM
2025-01-22 13:45:00,SYSTEM_FACE_RECOGNITION,system@facerecognition.local,TUTOR_CHECK_IN,Liam Johnson (ID: 2598056),Tutor checked in - Duration: 2.0h,FACE_RECOGNITION_SYSTEM
2025-01-22 13:30:00,SYSTEM_FACE_RECOGNITION,system@facerecognition.local,TUTOR_CHECK_OUT,Neha Patel (ID: 2750869),Tutor checked out - Total hours: 2.0h,FACE_RECOGNITION_SYSTEM
2025-01-22 12:15:00,SYSTEM_FACE_RECOGNITION,system@facerecognition.local,TUTOR_CHECK_IN,Neha Patel (ID: 2750869),Tutor checked in - Duration: 2.0h,FACE_RECOGNITION_SYSTEM
2025-01-22 11:30:00,SYSTEM_FACE_RECOGNITION,system@facerecognition.local,TUTOR_CHECK_IN,Neha Patel (ID: 2750869),Tutor checked in - Duration: 2.0h,FACE_RECOGNITION_SYSTEM
2025-01-21 11:30:00,SYSTEM_FACE_RECOGNITION,system@facerecognition.local,TUTOR_CHECK_OUT,Vivaan Kumar (ID: 7134699),Tutor checked out - Total hours: 3.0h,FACE_RECOGNITION_SYSTEM
2025-01-21 08:30:00,SYSTEM_FACE_RECOGNITION,system@facerecognition.local,TUTOR_CHECK_IN,Vivaan Kumar (ID: 7134699),Tutor checked in - Duration: 3.0h,FACE_RECOGNITION_SYSTEM
2025-01-20 17:30:00,SYSTEM_FACE_RECOGNITION,system@facerecognition.local,TUTOR_CHECK_OUT,Saanvi Joshi (ID: 2115580),Tutor checked out - Total hours: 1.5h,FACE_RECOGNITION_SYSTEM
2025-01-20 16:15:00,SYSTEM_FACE_RECOGNITION,system@facerecognition.local,TUTOR_CHECK_OUT,Liam Johnson (ID: 2598056),Tutor checked out - Total hours: 3.0h,FACE_RECOGNITION_SYSTEM
2025-01-20 16:00:00,SYSTEM_FACE_RECOGNITION,system@facerecognition.local,TUTOR_CHECK_IN,Saanvi Joshi (ID: 2115580),Tutor checked in - Duration: 1.5h,FACE_RECOGNITION_SYSTEM
2025-01-20 13:15:00,SYSTEM_FACE_RECOGNITION,system@facerecognition.local,TUTOR_CHECK_IN,Liam Johnson (ID: 2598056),Tutor checked in - Duration: 3.0h,FACE_RECOGNITION_SYSTEM
2025-01-19 11:00:00,SYSTEM_FACE_RECOGNITION,system@facerecognition.local,TUTOR_CHECK_OUT,Lucas Moore (ID: 6887917),Tutor checked out - Total hours: 1.5h,FACE_RECOGNITION_SYSTEM
2025-01-19 09:30:00,SYSTEM_FACE_RECOGNITION,system@facerecognition.local,TUTOR_CHECK_IN,Lucas Moore (ID: 6887917),Tutor checked in - Duration: 1.5h,FACE_RECOGNITION_SYSTEM
2025-01-17 13:45:00,SYSTEM_FACE_RECOGNITION,system@facerecognition.local,TUTOR_CHECK_OUT,Benjamin Lewis (ID: 3534553),Tutor checked out - Total hours: 2.0h,FACE_RECOGNITION_SYSTEM
2025-01-17 11:45:00,SYSTEM_FACE_RECOGNITION,system@facerecognition.local,TUTOR_CHECK_IN,Benjamin Lewis (ID: 3534553),Tutor checked in - Duration: 2.0h,FACE_RECOGNITION_SYSTEM
2025-01-15 15:15:00,SYSTEM_FACE_RECOGNITION,system@facerecognition.local,TUTOR_CHECK_OUT,Emily Brown (ID: 2701634),Tutor checked out - Total hours: 2.0h,FACE_RECOGNITION_SYSTEM
2025-01-15 14:00:00,SYSTEM_FACE_RECOGNITION,system@facerecognition.local,TUTOR_CHECK_OUT,Saanvi Joshi (ID: 2115580),Tutor checked out - Total hours: 2.0h,FACE_RECOGNITION_SYSTEM
2025-01-15 13:15:00,SYSTEM_FACE_RECOGNITION,system@facerecognition.local,TUTOR_CHECK_IN,Emily Brown (ID: 2701634),Tutor checked in - Duration: 2.0h,FACE_RECOGNITION_SYSTEM
2025-01-15 12:00:00,SYSTEM_FACE_RECOGNITION,system@facerecognition.local,TUTOR_CHECK_IN,Saanvi Joshi (ID: 2115580),Tutor checked in - Duration: 2.0h,FACE_RECOGNITION_SYSTEM
2025-01-14 16:15:00,SYSTEM_FACE_RECOGNITION,system@facerecognition.local,TUTOR_CHECK_OUT,Noah Wilson (ID: 4146623),Tutor checked out - Total hours: 1.5h,FACE_RECOGNITION_SYSTEM
2025-01-14 14:45:00,SYSTEM_FACE_RECOGNITION,system@facerecognition.local,TUTOR_CHECK_IN,Noah Wilson (ID: 4146623),Tutor checked in - Duration: 1.5h,FACE_RECOGNITION_SYSTEM
2025-01-14 12:00:00,SYSTEM_FACE_RECOGNITION,system@facerecognition.local,TUTOR_CHECK_OUT,Arjun Kapoor (ID: 7916493),Tutor checked out - Total hours: 3.0h,FACE_RECOGNITION_SYSTEM
2025-01-14 09:00:00,SYSTEM_FACE_RECOGNITION,system@facerecognition.local,TUTOR_CHECK_IN,Arjun Kapoor (ID: 7916493),Tutor checked in - Duration: 3.0h,FACE_RECOGNITION_SYSTEM
2025-01-09 18:30:00,SYSTEM_FACE_RECOGNITION,system@facerecognition.local,TUTOR_CHECK_OUT,Aanya Mehta (ID: 8853681),Tutor checked out - Total hours: 1.5h,FACE_RECOGNITION_SYSTEM
2025-01-09 17:00:00,SYSTEM_FACE_RECOGNITION,system@facerecognition.local,TUTOR_CHECK_IN,Aanya Mehta (ID: 8853681),Tutor checked in - Duration: 1.5h,FACE_RECOGNITION_SYSTEM
2025-01-07 16:15:00,SYSTEM_FACE_RECOGNITION,system@facerecognition.local,TUTOR_CHECK_OUT,Liam Johnson (ID: 2598056),Tutor checked out - Total hours: 2.5h,FACE_RECOGNITION_SYSTEM
2025-01-07 13:45:00,SYSTEM_FACE_RECOGNITION,system@facerecognition.local,TUTOR_CHECK_IN,Liam Johnson (ID: 2598056),Tutor checked in - Duration: 2.5h,FACE_RECOGNITION_SYSTEM
2025-01-07 13:00:00,SYSTEM_FACE_RECOGNITION,system@facerecognition.local,TUTOR_CHECK_OUT,Arjun Kapoor (ID: 7916493),Tutor checked out - Total hours: 1.5h,FACE_RECOGNITION_SYSTEM
2025-01-07 12:45:00,SYSTEM_FACE_RECOGNITION,system@facerecognition.local,TUTOR_CHECK_OUT,Isabella Davis (ID: 6403246),Tutor checked out - Total hours: 2.0h,FACE_RECOGNITION_SYSTEM
2025-01-07 11:30:00,SYSTEM_FACE_RECOGNITION,system@facerecognition.local,TUTOR_CHECK_IN,Arjun Kapoor (ID: 7916493),Tutor checked in - Duration: 1.5h,FACE_RECOGNITION_SYSTEM
2025-01-07 10:45:00,SYSTEM_FACE_RECOGNITION,system@facerecognition.local,TUTOR_CHECK_IN,Isabella Davis (ID: 6403246),Tutor checked in - Duration: 2.0h,FACE_RECOGNITION_SYSTEM
2025-01-06 15:00:00,SYSTEM_FACE_RECOGNITION,system@facerecognition.local,TUTOR_CHECK_OUT,Ryan Scott (ID: 7644166),Tutor checked out - Total hours: 2.0h,FACE_RECOGNITION_SYSTEM
2025-01-06 13:00:00,SYSTEM_FACE_RECOGNITION,system@facerecognition.local,TUTOR_CHECK_IN,Ryan Scott (ID: 7644166),Tutor checked in - Duration: 2.0h,FACE_RECOGNITION_SYSTEM
2025-01-05 20:15:00,SYSTEM_FACE_RECOGNITION,system@facerecognition.local,TUTOR_CHECK_OUT,Liam Johnson (ID: 2598056),Tutor checked out - Total hours: 3.0h,FACE_RECOGNITION_SYSTEM
2025-01-05 17:15:00,SYSTEM_FACE_RECOGNITION,system@facerecognition.local,TUTOR_CHECK_IN,Liam Johnson (ID: 2598056),Tutor checked in - Duration: 3.0h,FACE_RECOGNITION_SYSTEM
2025-01-05 10:45:00,SYSTEM_FACE_RECOGNITION,system@facerecognition.local,TUTOR_CHECK_OUT,Ryan Scott (ID: 7644166),Tutor checked out - Total hours: 2.5h,FACE_RECOGNITION_SYSTEM
2025-01-05 08:15:00,SYSTEM_FACE_RECOGNITION,system@facerecognition.local,TUTOR_CHECK_IN,Ryan Scott (ID: 7644166),Tutor checked in - Duration: 2.5h,FACE_RECOGNITION_SYSTEM
2025-01-04 15:00:00,SYSTEM_FACE_RECOGNITION,system@facerecognition.local,TUTOR_CHECK_OUT,Liam Johnson (ID: 2598056),Tutor checked out - Total hours: 3.0h,FACE_RECOGNITION_SYSTEM
2025-01-04 12:00:00,SYSTEM_FACE_RECOGNITION,system@facerecognition.local,TUTOR_CHECK_IN,Liam Johnson (ID: 2598056),Tutor checked in - Duration: 3.0h,FACE_RECOGNITION_SYSTEM
2025-01-04 09:30:00,SYSTEM_FACE_RECOGNITION,system@facerecognition.local,TUTOR_CHECK_OUT,Meera Nair (ID: 6362733),Tutor checked out - Total hours: 1.5h,FACE_RECOGNITION_SYSTEM
2025-01-04 08:00:00,SYSTEM_FACE_RECOGNITION,system@facerecognition.local,TUTOR_CHECK_IN,Meera Nair (ID: 6362733),Tutor checked in - Duration: 1.5h,FACE_RECOGNITION_SYSTEM
2025-01-01 12:30:00,SYSTEM_FACE_RECOGNITION,system@facerecognition.local,TUTOR_CHECK_OUT,Liam Johnson (ID: 2598056),Tutor checked out - Total hours: 2.5h,FACE_RECOGNITION_SYSTEM
2025-01-01 10:00:00,SYSTEM_FACE_RECOGNITION,system@facerecognition.local,TUTOR_CHECK_IN,Liam Johnson (ID: 2598056),Tutor checked in - Duration: 2.5h,FACE_RECOGNITION_SYSTEM
